date,average_demand_mw,peak_demand_mw,minimum_demand_mw,total_energy_gwh,hour_of_day,load_factor
2022-01-01,14512.25,16955,12491,348.294,17,0.8559274550280154
2022-01-02,15963.666666666666,18923,13292,383.128,17,0.8436118304003946
2022-01-03,17275.708333333332,20051,14920,414.617,17,0.8615883663325187
2022-01-04,16883.208333333332,19409,14617,405.197,17,0.8698649252065193
2022-01-05,16690.916666666668,19339,13752,400.582,17,0.863070306978989
2022-01-06,17348.708333333332,20257,14404,416.369,17,0.8564302874726432
2022-01-07,17734.5,20513,14983,425.628,17,0.8645493101935358
2022-01-08,16972.625,19331,15675,407.343,17,0.8780003621126687
2022-01-09,16147.208333333334,18595,14022,387.533,17,0.8683629111768397
2022-01-10,17855.291666666668,20614,14901,428.527,17,0.8661730700818214
2022-01-11,18931.541666666668,21250,16491,454.357,17,0.8908960784313726
2022-01-12,17735.916666666668,20101,15131,425.662,17,0.8823400162512645
2022-01-13,17478.458333333332,19635,14611,419.483,17,0.8901684916390799
2022-01-14,17659.333333333332,20343,14791,423.824,17,0.8680791099313441
2022-01-15,18233.041666666668,20762,16271,437.593,17,0.8781929326012267
2022-01-16,17308.625,19952,15892,415.407,17,0.8675132818765036
2022-01-17,17178.916666666668,19172,14591,412.294,17,0.8960419709298283
2022-01-18,17448.875,19821,14588,418.773,17,0.8803226376065789
2022-01-19,17330.25,19663,14972,415.926,18,0.8813634745461019
2022-01-20,18500.25,21349,15796,444.006,17,0.8665628366668228
2022-01-21,18832.75,20785,16937,451.986,17,0.9060740918931922
2022-01-22,17694.333333333332,19717,16229,424.664,17,0.8974150901928961
2022-01-23,17327.083333333332,20287,15132,415.85,17,0.8540978623420581
2022-01-24,18853.416666666668,21261,16061,452.482,17,0.8867605788376214
2022-01-25,18387.208333333332,21000,15826,441.293,18,0.8755813492063491
2022-01-26,18778.958333333332,20770,16455,450.695,18,0.9041385812871128
2022-01-27,18324.958333333332,20296,15806,439.799,18,0.9028852154775981
2022-01-28,18412.125,20914,15568,441.891,18,0.8803731949890026
2022-01-29,18075.958333333332,20270,16365,433.823,18,0.8917591679000164
2022-01-30,17489.416666666668,19754,15764,419.746,18,0.8853607708143499
2022-01-31,17859.0,20093,15508,428.616,18,0.8888170009456029
2022-02-01,17017.625,19183,14972,408.423,18,0.8871201063441589
2022-02-02,17363.791666666668,19598,14454,416.731,18,0.8859981460693268
2022-02-03,17886.125,20435,14972,429.267,18,0.8752691460729142
2022-02-04,18629.666666666668,20585,16094,447.112,18,0.9050117399400859
2022-02-05,17627.5,19679,15843,423.06,18,0.8957518166573505
2022-02-06,16715.041666666668,18952,15085,401.161,18,0.8819671626565359
2022-02-07,17175.583333333332,19458,14417,412.214,18,0.8827003460444718
2022-02-08,16907.5,19384,14533,405.78,18,0.8722399917457697
2022-02-09,16433.541666666668,18874,14209,394.405,18,0.8706973437886335
2022-02-10,16752.166666666668,19431,13796,402.052,18,0.8621361055358276
2022-02-11,16766.375,18815,13961,402.393,17,0.891117459473824
2022-02-12,16584.541666666668,19509,13761,398.029,18,0.8500969637944881
2022-02-13,17488.833333333332,20272,15678,419.732,18,0.8627088266245724
2022-02-14,18348.875,20918,16258,440.373,18,0.8771811358638493
2022-02-15,17823.125,20188,16068,427.755,18,0.8828573905290271
2022-02-16,16702.583333333332,18583,14900,400.862,17,0.8988098441227644
2022-02-17,17084.833333333332,19525,13879,410.036,18,0.8750234741784036
2022-02-18,17482.375,19277,15259,419.577,18,0.9069033044560876
2022-02-19,16754.625,19470,14799,402.111,18,0.860535439137134
2022-02-20,15815.916666666666,17474,14750,379.582,18,0.9051114036091716
2022-02-21,15465.791666666666,17654,13824,371.179,18,0.8760502813337865
2022-02-22,16922.166666666668,19080,13991,406.132,17,0.8869060097833683
2022-02-23,17218.75,20059,13964,413.25,18,0.8584052046462934
2022-02-24,17554.75,19861,15688,421.314,19,0.8838804692613665
2022-02-25,18098.375,19878,15470,434.361,18,0.9104726330616763
2022-02-26,16556.041666666668,18182,15138,397.345,18,0.9105731859348074
2022-02-27,16012.458333333334,18662,14061,384.299,18,0.8580247740506556
2022-02-28,17466.625,19996,15298,419.199,18,0.873505951190238
2022-03-01,17200.916666666668,18818,15105,412.822,18,0.914067205158182
2022-03-02,16713.5,19307,14664,401.124,18,0.8656704822085254
2022-03-03,17140.666666666668,19763,14617,411.376,19,0.8673109683077805
2022-03-04,16868.083333333332,18664,15421,404.834,18,0.9037764323474782
2022-03-05,15607.375,17733,14216,374.577,18,0.8801316754074324
2022-03-06,14315.5,16875,12903,343.572,18,0.8483259259259259
2022-03-07,16770.541666666668,18919,13494,402.493,19,0.8864391176418769
2022-03-08,16495.833333333332,18690,14368,395.9,19,0.8826021045122168
2022-03-09,16189.916666666666,18124,14177,388.558,19,0.893286066357684
2022-03-10,16080.958333333334,18326,14108,385.943,19,0.8774941794899779
2022-03-11,16963.291666666668,18874,14307,407.119,18,0.8987650559853061
2022-03-12,15997.25,18159,13876,383.934,19,0.8809543477063715
2022-03-13,16211.791666666666,18143,14603,389.083,18,0.8935562843337191
2022-03-14,16302.833333333334,17985,14534,391.268,18,0.9064683532573441
2022-03-15,16470.875,17887,13947,395.301,18,0.9208293732878627
2022-03-16,15785.75,17338,13917,378.858,8,0.910471219287115
2022-03-17,14797.208333333334,16353,13438,355.133,7,0.904862002894474
2022-03-18,14949.291666666666,16541,12724,358.783,8,0.9037719404308485
2022-03-19,14702.458333333334,16344,12285,352.859,10,0.8995630404633709
2022-03-20,14080.958333333334,16207,12600,337.943,19,0.8688195429958249
2022-03-21,14985.875,16933,13107,359.661,19,0.8850100395677081
2022-03-22,15278.041666666666,16982,13424,366.673,18,0.8996609154791347
2022-03-23,16045.375,18107,13125,385.089,18,0.8861420997404319
2022-03-24,15569.916666666666,16940,13292,373.678,19,0.9191214088941362
2022-03-25,15527.291666666666,16993,12857,372.655,16,0.9137463465348477
2022-03-26,14749.208333333334,16024,12793,353.981,18,0.9204448535530039
2022-03-27,15321.333333333334,17612,12993,367.712,19,0.8699371640548111
2022-03-28,16896.958333333332,19011,14648,405.527,19,0.888799028632546
2022-03-29,16363.916666666666,18071,14858,392.734,6,0.9055346503606145
2022-03-30,16634.666666666668,18162,14077,399.232,16,0.9159050031200676
2022-03-31,15350.541666666666,16784,13341,368.413,19,0.9145937599300921
2022-04-01,15679.75,17251,13296,376.314,19,0.9089183235754449
2022-04-02,14559.833333333334,16022,13608,349.436,19,0.9087400657429369
2022-04-03,14550.125,16321,12830,349.203,19,0.8914971509098707
2022-04-04,15293.25,17077,13310,367.038,18,0.8955466416817942
2022-04-05,14776.416666666666,16315,12923,354.634,7,0.9056951680457657
2022-04-06,14597.875,16308,12366,350.349,19,0.8951358229090017
2022-04-07,14627.5,16254,12225,351.06,19,0.899932324350929
2022-04-08,14705.375,16094,12699,352.929,19,0.9137178451596868
2022-04-09,14238.708333333334,15716,12688,341.729,18,0.9060007847628744
2022-04-10,13736.333333333334,15508,12358,329.672,19,0.8857578884016852
2022-04-11,14501.916666666666,16430,12446,348.046,18,0.8826486102657739
2022-04-12,13868.583333333334,15422,12360,332.846,19,0.8992726840444387
2022-04-13,14190.875,15731,11572,340.581,19,0.9020961795181489
2022-04-14,13622.25,15146,11481,326.934,8,0.8993958801003565
2022-04-15,12900.416666666666,14288,11518,309.61,19,0.9028847051138484
2022-04-16,13305.25,15103,11954,319.326,19,0.8809673574786466
2022-04-17,13352.208333333334,14924,12048,320.453,19,0.8946802689180738
2022-04-18,14854.208333333334,17256,12507,356.501,16,0.8608141129655386
2022-04-19,15412.458333333334,16953,13165,369.899,19,0.9091286694586995
2022-04-20,14660.25,16269,13257,351.846,19,0.9011156186612576
2022-04-21,14779.5,16360,12642,354.708,9,0.9033924205378973
2022-04-22,14107.0,15576,12425,338.568,19,0.9056882383153569
2022-04-23,13518.875,14834,11992,324.453,11,0.9113438721855197
2022-04-24,12629.458333333334,14414,11717,303.107,19,0.8761938624485455
2022-04-25,14340.791666666666,16108,11430,344.179,16,0.8902900215213972
2022-04-26,14621.708333333334,16334,12174,350.921,19,0.8951700950981593
2022-04-27,15056.166666666666,17060,12722,361.348,19,0.8825420085971082
2022-04-28,14445.875,16069,13227,346.701,19,0.8989902918663265
2022-04-29,13958.708333333334,15277,12606,335.009,19,0.9137074251052781
2022-04-30,12818.625,14250,11759,307.647,19,0.8995526315789474
2022-05-01,12949.375,15045,11176,310.785,19,0.8607095380525092
2022-05-02,14598.875,16233,11717,350.373,16,0.8993331485246103
2022-05-03,14448.125,16376,12068,346.755,16,0.8822743649242795
2022-05-04,13976.083333333334,15465,11756,335.426,19,0.9037234615799117
2022-05-05,13776.708333333334,15759,11957,330.641,19,0.8742120904456713
2022-05-06,13487.208333333334,14808,11888,323.693,20,0.9108055330452008
2022-05-07,12351.625,14177,11207,296.439,20,0.8712439162022995
2022-05-08,12336.333333333334,14222,11338,296.072,19,0.8674119908123565
2022-05-09,13509.541666666666,15228,11342,324.229,19,0.8871514096839156
2022-05-10,13693.625,15459,11485,328.647,19,0.8858027686137525
2022-05-11,14161.583333333334,16364,11676,339.878,18,0.8654108612401207
2022-05-12,14550.666666666666,17078,12059,349.216,17,0.8520123355584182
2022-05-13,14835.291666666666,17700,11239,356.047,16,0.8381520715630885
2022-05-14,14945.25,17663,12137,358.686,17,0.8461331597123931
2022-05-15,15021.833333333334,18462,12120,360.524,17,0.8136622973314557
2022-05-16,14678.125,16042,12511,352.275,16,0.9149809874080539
2022-05-17,13803.333333333334,15778,11466,331.28,20,0.8748468331431952
2022-05-18,13940.583333333334,15522,11745,334.574,19,0.898117725379032
2022-05-19,14398.083333333334,16073,11956,345.554,19,0.8957931520769822
2022-05-20,14210.166666666666,16207,11742,341.044,20,0.8767919211863187
2022-05-21,13606.291666666666,16303,12003,326.551,10,0.834588214847983
2022-05-22,12119.708333333334,13304,10485,290.873,11,0.9109822860292645
2022-05-23,12124.25,14035,10666,290.982,19,0.8638582116138226
2022-05-24,13607.125,15317,11359,326.571,19,0.8883675001632173
2022-05-25,13758.0,15578,11481,330.192,19,0.8831685710617537
2022-05-26,14822.833333333334,17080,11711,355.748,16,0.8678473848555817
2022-05-27,14920.291666666666,16771,12301,358.087,16,0.889648301631785
2022-05-28,13481.583333333334,15518,11528,323.558,17,0.8687706749151524
2022-05-29,13834.75,16798,11337,332.034,18,0.8235950708417669
2022-05-30,16429.416666666668,20335,11887,394.306,16,0.8079378739447587
2022-05-31,17869.75,21292,13224,428.874,17,0.8392706180725155
2022-06-01,16569.458333333332,18513,13465,397.667,15,0.8950174652046309
2022-06-02,14549.958333333334,16164,12057,349.199,19,0.9001459003546978
2022-06-03,14254.75,15815,11942,342.114,16,0.901343661081252
2022-06-04,12692.083333333334,14249,11121,304.61,18,0.8907350223407491
2022-06-05,12788.041666666666,14752,10627,306.913,17,0.8668683342371656
2022-06-06,14392.5,16685,11244,345.42,16,0.8626011387473779
2022-06-07,14577.041666666666,16139,11791,349.849,16,0.9032183943656154
2022-06-08,14358.5,16612,11791,344.604,16,0.8643450517698049
2022-06-09,14184.375,15924,11755,340.425,18,0.8907545214770158
2022-06-10,14052.708333333334,16043,11543,337.265,18,0.875940181595296
2022-06-11,13327.458333333334,15235,11175,319.859,17,0.87479214527951
2022-06-12,13640.458333333334,16060,10983,327.371,16,0.8493436073059362
2022-06-13,14625.833333333334,17127,11524,351.02,18,0.853963527373932
2022-06-14,15695.708333333334,19134,12159,376.697,17,0.8203046061112853
2022-06-15,16488.541666666668,19919,12366,395.725,18,0.8277795906755695
2022-06-16,18041.375,21500,13163,432.993,16,0.8391337209302325
2022-06-17,15823.958333333334,18052,12594,379.775,15,0.8765764642883522
2022-06-18,12461.041666666666,14262,11086,299.065,18,0.8737232973402514
2022-06-19,12647.375,14973,10726,303.537,20,0.8446787550924998
2022-06-20,14688.916666666666,17046,11469,352.534,18,0.8617222026672924
2022-06-21,17214.625,21204,12098,413.151,16,0.8118574325598944
2022-06-22,18828.875,21954,14266,451.893,16,0.8576512252892411
2022-06-23,17195.958333333332,20636,13314,412.703,18,0.8332990082057246
2022-06-24,17035.166666666668,20715,12925,408.844,18,0.8223589991149731
2022-06-25,17070.041666666668,20655,12954,409.681,16,0.8264362946824821
2022-06-26,16768.625,20601,12915,402.447,17,0.8139714091548954
2022-06-27,15299.208333333334,17120,13182,367.181,16,0.8936453465732087
2022-06-28,14917.666666666666,18009,11952,358.024,18,0.8283450867159012
2022-06-29,15273.208333333334,17484,12222,366.557,18,0.8735534393350111
2022-06-30,15947.291666666666,19353,12280,382.735,17,0.8240216848378373
2022-07-01,15385.791666666666,17956,12467,369.259,16,0.8568607522091037
2022-07-02,14689.291666666666,17681,11627,352.543,17,0.8307952981543276
2022-07-03,14398.583333333334,18057,11449,345.566,18,0.7973962083033358
2022-07-04,16005.416666666666,18896,12152,384.13,16,0.8470267075924357
2022-07-05,16362.916666666666,19299,12918,392.71,17,0.8478634471561566
2022-07-06,15846.333333333334,18217,12905,380.312,16,0.8698651442791532
2022-07-07,16131.708333333334,19476,12297,387.161,16,0.8282865235845828
2022-07-08,16234.625,18957,12708,389.631,16,0.8563920979057867
2022-07-09,14033.25,16926,11647,336.798,18,0.8290942928039702
2022-07-10,14893.0,18820,11681,357.432,17,0.7913390010626993
2022-07-11,17016.5,20695,12668,408.396,16,0.8222517516308288
2022-07-12,17617.041666666668,20216,14296,422.809,16,0.871440525656246
2022-07-13,16245.125,18215,13273,389.883,16,0.8918542410101564
2022-07-14,16209.791666666666,19398,12689,389.035,17,0.8356424201807746
2022-07-15,16323.875,19317,12794,391.773,16,0.8450522855515867
2022-07-16,16367.583333333334,19999,12832,392.822,16,0.8184200876710502
2022-07-17,16514.333333333332,19925,12628,396.344,16,0.8288247595148472
2022-07-18,17891.083333333332,21092,14192,429.386,18,0.8482402490675769
2022-07-19,18972.875,22607,13770,455.349,17,0.8392477993541824
2022-07-20,19428.833333333332,21850,15497,466.292,15,0.8891914569031273
2022-07-21,18774.375,21379,14873,450.585,16,0.8781689976144815
2022-07-22,18461.541666666668,21367,14166,443.077,17,0.8640212321180637
2022-07-23,18194.541666666668,21423,14041,436.669,16,0.8492994289626414
2022-07-24,17180.958333333332,20620,13945,412.343,17,0.8332181538958939
2022-07-25,16360.833333333334,18382,13772,392.66,18,0.89004642222464
2022-07-26,16168.916666666666,19326,12845,388.054,18,0.8366406223050122
2022-07-27,16924.416666666668,20071,13158,406.186,16,0.8432273761480079
2022-07-28,17716.458333333332,20645,13953,425.195,18,0.8581476547993864
2022-07-29,16581.666666666668,19431,13139,397.96,17,0.853361467071518
2022-07-30,15493.958333333334,18499,12625,371.855,17,0.8375565345874552
2022-07-31,15892.0,19509,12510,381.408,17,0.8145983904864421
2022-08-01,16517.75,19859,12665,396.426,16,0.8317513469963241
2022-08-02,17214.875,20561,13796,413.157,17,0.8372586450075385
2022-08-03,16990.25,20934,12672,407.766,16,0.8116102990350625
2022-08-04,18297.541666666668,20957,14234,439.141,16,0.8730992826581413
2022-08-05,18255.083333333332,21312,13988,438.122,15,0.8565635948448448
2022-08-06,18416.666666666668,21761,13918,442.0,17,0.8463152735015241
2022-08-07,19048.666666666668,21778,15144,457.168,16,0.874674748216855
2022-08-08,19167.333333333332,21560,15752,460.016,14,0.8890228818800247
2022-08-09,16500.958333333332,18368,13778,396.023,16,0.8983535677990708
2022-08-10,16836.958333333332,20463,12936,404.087,17,0.8228000944794669
2022-08-11,16262.458333333334,18748,13244,390.299,17,0.867423636298983
2022-08-12,15700.375,18581,12523,376.809,17,0.8449693235025025
2022-08-13,14767.208333333334,17352,12287,354.413,17,0.8510378246503766
2022-08-14,14927.583333333334,17828,12041,358.262,17,0.8373111584773016
2022-08-15,16471.583333333332,19995,12700,395.318,16,0.8237851129449029
2022-08-16,16940.458333333332,19956,13246,406.571,16,0.8488904757132357
2022-08-17,16891.875,19856,13090,405.405,16,0.8507189262691378
2022-08-18,17271.5,20772,13153,414.516,16,0.8314798767571732
2022-08-19,17423.0,20365,13509,418.152,17,0.8555364596120796
2022-08-20,16971.0,20546,13215,407.304,16,0.8260001946850969
2022-08-21,16347.208333333334,19165,13383,392.333,16,0.8529719975650056
2022-08-22,17200.541666666668,19893,13463,412.813,16,0.864652976758994
2022-08-23,17563.166666666668,21075,13527,421.516,16,0.8333649663898774
2022-08-24,17750.541666666668,21368,13532,426.013,16,0.8307067421689754
2022-08-25,17223.0,20076,13857,413.352,16,0.8578900179318589
2022-08-26,16747.375,19210,13798,401.937,16,0.8718050494534096
2022-08-27,14553.708333333334,17343,12459,349.289,17,0.8391690211228354
2022-08-28,15589.041666666666,19834,11830,374.137,17,0.7859756814896978
2022-08-29,18610.083333333332,21871,13569,446.642,16,0.8509022602228217
2022-08-30,17497.875,19787,14580,419.949,16,0.8843116692778087
2022-08-31,16054.916666666666,18728,12874,385.318,17,0.8572680834401253
2022-09-01,15568.583333333334,18504,12824,373.646,17,0.8413631286928953
2022-09-02,16586.041666666668,20188,12862,398.065,16,0.8215792384915132
2022-09-03,16741.083333333332,20350,12997,401.786,16,0.8226576576576576
2022-09-04,14484.458333333334,15360,12933,347.627,11,0.9429985894097223
2022-09-05,13895.708333333334,16155,11811,333.497,19,0.860149076653255
2022-09-06,15445.375,18321,11925,370.689,16,0.8430421374379128
2022-09-07,15852.0,18941,12506,380.448,16,0.8369146296394065
2022-09-08,16307.416666666666,19731,12815,391.378,16,0.8264870846214923
2022-09-09,16450.916666666668,19921,12829,394.822,16,0.8258077740407945
2022-09-10,16189.583333333334,19178,12979,388.55,16,0.8441747488441618
2022-09-11,15502.541666666666,18177,12787,372.061,16,0.8528658011039592
2022-09-12,16337.125,18846,13081,392.091,16,0.8668749336729279
2022-09-13,15296.916666666666,17233,12787,367.126,16,0.887652565813652
2022-09-14,15189.541666666666,17718,12195,364.549,16,0.857294371072732
2022-09-15,14346.666666666666,16474,11935,344.32,19,0.8708672251224151
2022-09-16,15019.333333333334,17150,11896,360.464,16,0.8757628765792032
2022-09-17,14402.125,16978,12073,345.651,17,0.8482815997172812
2022-09-18,15009.333333333334,17771,11960,360.224,18,0.844597002607244
2022-09-19,16000.875,18772,12511,384.021,16,0.8523798742808438
2022-09-20,15486.75,18350,12019,371.682,16,0.8439645776566758
2022-09-21,15784.916666666666,18873,12206,378.838,16,0.8363755982973913
2022-09-22,14027.0,15584,11917,336.648,19,0.9000898357289527
2022-09-23,13724.833333333334,15500,11731,329.396,19,0.88547311827957
2022-09-24,13083.333333333334,15015,11418,314.0,18,0.8713508713508714
2022-09-25,13239.375,15345,11082,317.745,18,0.862781036168133
2022-09-26,14025.25,16085,11283,336.606,18,0.8719459123406901
2022-09-27,14294.75,16330,11643,343.074,18,0.8753674219228414
2022-09-28,14247.916666666666,16184,11818,341.95,18,0.8803705305651672
2022-09-29,14058.166666666666,16083,11902,337.396,18,0.8741010176376712
2022-09-30,13989.416666666666,15790,12178,335.746,18,0.8859668566603335
2022-10-01,13192.708333333334,14826,11726,316.625,18,0.8898359863303207
2022-10-02,12780.375,15140,11164,306.729,18,0.8441463011889035
2022-10-03,14146.916666666666,16502,11693,339.526,18,0.8572849755585181
2022-10-04,14287.458333333334,16383,12004,342.899,18,0.8720904799690736
2022-10-05,14337.958333333334,16624,12065,344.111,18,0.8624854627847289
2022-10-06,14458.208333333334,16375,12181,346.997,18,0.8829440203562341
2022-10-07,14312.5,16303,11818,343.5,18,0.8779059068883027
2022-10-08,13568.625,15123,12071,325.647,18,0.8972178139258083
2022-10-09,13157.666666666666,14595,11440,315.784,18,0.9015187849720223
2022-10-10,12834.75,15166,11393,308.034,18,0.846284452063827
2022-10-11,13913.708333333334,16011,11421,333.929,18,0.8690093269210751
2022-10-12,14286.208333333334,16289,11757,342.869,18,0.8770463707614546
2022-10-13,14475.666666666666,16277,12098,347.416,18,0.8893325960967418
2022-10-14,13862.416666666666,15443,11966,332.698,18,0.897650499687021
2022-10-15,13264.791666666666,15082,11416,318.355,18,0.8795114485258365
2022-10-16,13279.833333333334,15329,11526,318.716,18,0.8663209167808295
2022-10-17,14615.916666666666,16655,11547,350.782,18,0.8775692985089563
2022-10-18,14960.875,17128,12124,359.061,18,0.8734747197571229
2022-10-19,15128.708333333334,17294,12529,363.089,17,0.8747952083574265
2022-10-20,15344.458333333334,17254,12748,368.267,18,0.8893275955334029
2022-10-21,13952.375,15642,12070,334.857,7,0.8919815241017772
2022-10-22,12617.625,14349,11217,302.823,17,0.8793382814133389
2022-10-23,12609.458333333334,15004,10820,302.627,17,0.8404064471696437
2022-10-24,13888.625,15954,11207,333.327,17,0.8705418703773349
2022-10-25,14161.791666666666,16167,11451,339.883,17,0.8759690521844911
2022-10-26,14398.416666666666,16246,11804,345.562,16,0.8862745701506012
2022-10-27,14353.125,16592,11779,344.475,18,0.8650629821600772
2022-10-28,14475.541666666666,16400,12152,347.413,18,0.8826549796747967
2022-10-29,13560.25,15323,12263,325.446,17,0.8849605168700646
2022-10-30,13511.25,16101,11857,324.27,17,0.8391559530463947
2022-10-31,14935.416666666666,16590,12303,358.45,16,0.9002662246333132
2022-11-01,14641.625,16399,12236,351.399,17,0.892836453442283
2022-11-02,14567.125,16636,12279,349.611,17,0.8756386751622987
2022-11-03,14567.708333333334,16537,12130,349.625,17,0.8809160266876298
2022-11-04,14095.25,15990,11874,338.286,17,0.8815040650406504
2022-11-05,13249.791666666666,15109,11270,317.995,17,0.8769469631786794
2022-11-06,12855.666666666666,15428,10931,308.536,17,0.8332685161178809
2022-11-07,14156.958333333334,17204,11371,339.767,17,0.822887603658064
2022-11-08,14914.5,17567,12572,357.948,17,0.8490066602151762
2022-11-09,14775.333333333334,17416,12897,354.608,17,0.8483769713673252
2022-11-10,14405.333333333334,16562,12032,345.728,17,0.8697822324195951
2022-11-11,14857.291666666666,17237,12095,356.575,17,0.8619418498965403
2022-11-12,14216.416666666666,16538,11699,341.194,17,0.8596212762526706
2022-11-13,14645.416666666666,17654,12270,351.49,17,0.8295806427249726
2022-11-14,16009.333333333334,18704,13110,384.224,17,0.8559309951525521
2022-11-15,16411.791666666668,18998,13542,393.883,17,0.8638694423974455
2022-11-16,16703.375,18817,13988,400.881,17,0.8876747090396981
2022-11-17,16429.541666666668,18807,13640,394.309,17,0.8735865192038426
2022-11-18,16544.208333333332,18752,14102,397.061,17,0.8822636696530147
2022-11-19,15946.541666666666,18221,13762,382.717,17,0.875173792144595
2022-11-20,16174.125,19441,13799,388.179,17,0.8319595185432848
2022-11-21,16805.875,19255,14341,403.341,17,0.8728057647364321
2022-11-22,16616.5,18959,14280,398.796,17,0.8764439052692653
2022-11-23,16292.041666666666,18422,14304,391.009,17,0.8843796366663047
2022-11-24,15867.0,17940,13697,380.808,17,0.8844481605351171
2022-11-25,15845.625,18245,13183,380.295,17,0.8684913674979446
2022-11-26,14349.416666666666,16345,13038,344.386,17,0.87790863668808
2022-11-27,14930.791666666666,17464,12535,358.339,17,0.8549468430294701
2022-11-28,16488.333333333332,19360,12990,395.72,17,0.8516701101928374
2022-11-29,16376.375,18413,13757,393.033,17,0.8893920056481833
2022-11-30,16434.916666666668,19145,13213,394.438,17,0.8584443283712023
2022-12-01,16687.583333333332,19273,13942,400.502,17,0.8658529203203099
2022-12-02,16337.291666666666,18227,14135,392.095,17,0.8963236773285053
2022-12-03,15431.875,17836,12806,370.365,17,0.8652094079389998
2022-12-04,15389.708333333334,18185,13511,369.353,17,0.8462858583081294
2022-12-05,16446.041666666668,19353,13495,394.705,17,0.8497928831016724
2022-12-06,16728.25,19139,13694,401.478,17,0.8740399184910392
2022-12-07,16531.291666666668,18958,13572,396.751,17,0.8719955515701375
2022-12-08,16496.916666666668,18902,13505,395.926,17,0.872760378090502
2022-12-09,16954.75,19151,14170,406.914,17,0.8853193044749621
2022-12-10,16493.125,18946,14349,395.835,17,0.8705333579647418
2022-12-11,16591.875,19064,14232,398.205,17,0.870324958036089
2022-12-12,17586.833333333332,20173,14540,422.084,17,0.8718005915497612
2022-12-13,17463.0,19868,15116,419.112,17,0.8789510771089188
2022-12-14,17253.25,19432,14593,414.078,17,0.8878782420749279
2022-12-15,17639.166666666668,19848,14525,423.34,17,0.8887125487034798
2022-12-16,17189.583333333332,19267,14539,412.55,17,0.8921774709780107
2022-12-17,16224.625,18504,14168,389.391,17,0.8768171746649374
2022-12-18,16132.875,18656,13810,387.189,17,0.8647553066037735
2022-12-19,17488.25,20326,14476,419.718,17,0.8603881727836269
2022-12-20,17451.958333333332,19840,14870,418.847,17,0.8796349966397848
2022-12-21,17304.541666666668,19777,14675,415.309,17,0.8749831454045947
2022-12-22,17122.333333333332,18960,14661,410.936,17,0.903076652601969
2022-12-23,17041.666666666668,19779,14104,409.0,17,0.8616040581761801
2022-12-24,17142.208333333332,19567,14791,411.413,17,0.8760774944208787
2022-12-25,16164.833333333334,18046,14506,387.956,17,0.8957571391628801
2022-12-26,16511.291666666668,18578,14615,396.271,17,0.8887550687192738
2022-12-27,16418.666666666668,18229,14607,394.048,17,0.9006893777314536
2022-12-28,15842.083333333334,17884,13676,380.21,17,0.8858243867889362
2022-12-29,15104.0,17227,13195,362.496,17,0.8767632205259186
2022-12-30,14740.458333333334,16748,12428,353.771,17,0.8801324536263037
2022-12-31,14788.333333333334,16996,12417,354.92,17,0.8701066917706127
2023-01-01,14466.0,16705,12625,347.184,17,0.865968272972164
2023-01-02,15187.0,17837,12603,364.488,17,0.8514324157649829
2023-01-03,16364.458333333334,18857,13423,392.747,17,0.8678187587279702
2023-01-04,16700.041666666668,19267,13945,400.801,17,0.8667691735437104
2023-01-05,16851.666666666668,19055,14129,404.44,17,0.8843698066999038
2023-01-06,16677.083333333332,18448,14212,400.25,17,0.9040049508528476
2023-01-07,16075.958333333334,18406,13912,385.823,17,0.8734085805353328
2023-01-08,16512.791666666668,19152,14379,396.307,17,0.8621967244500139
2023-01-09,16870.541666666668,19207,14174,404.893,17,0.8783538119782719
2023-01-10,17210.5,19651,14546,413.052,17,0.8758078469289095
2023-01-11,17519.25,19623,14781,420.462,17,0.8927916220761352
2023-01-12,17250.958333333332,19037,14549,414.023,17,0.9061805081332842
2023-01-13,17405.958333333332,19393,14410,417.743,17,0.8975382010691142
2023-01-14,17062.041666666668,19244,15137,409.489,17,0.8866161747384467
2023-01-15,16645.083333333332,18962,15126,399.482,18,0.8778126428295187
2023-01-16,17045.708333333332,19218,14663,409.097,17,0.8869657786103305
2023-01-17,17065.0,19275,14439,409.56,17,0.885343709468223
2023-01-18,16812.291666666668,19250,13812,403.495,17,0.873365800865801
2023-01-19,17081.791666666668,19562,13698,409.963,17,0.8732129468697816
2023-01-20,17166.791666666668,19097,14317,412.003,17,0.8989260965945787
2023-01-21,16558.041666666668,18387,14308,397.393,17,0.9005298127300085
2023-01-22,16343.416666666666,18824,13919,392.242,17,0.8682223048590452
2023-01-23,16991.75,18859,14121,407.802,17,0.9009889177580995
2023-01-24,16889.666666666668,19185,13986,405.352,17,0.880357918512727
2023-01-25,17386.458333333332,19819,14542,417.275,17,0.8772621390248414
2023-01-26,17449.458333333332,19543,14706,418.787,17,0.8928751129986866
2023-01-27,17166.166666666668,18992,14513,411.988,17,0.9038630300477395
2023-01-28,16256.708333333334,18493,14013,390.161,18,0.8790736134393194
2023-01-29,16554.333333333332,19118,14195,397.304,18,0.8659029884576489
2023-01-30,17985.791666666668,20114,14922,431.659,18,0.89419268502867
2023-01-31,18101.958333333332,20486,15481,434.447,18,0.8836258094959158
2023-02-01,17852.75,19635,15736,428.466,18,0.909230965113318
2023-02-02,17551.916666666668,19477,15107,421.246,18,0.9011611986787836
2023-02-03,19118.125,21388,16168,458.835,18,0.8938715634935478
2023-02-04,18490.375,20046,16219,443.769,10,0.9223972363563804
2023-02-05,16317.875,18458,14560,391.629,17,0.8840543395817532
2023-02-06,17200.791666666668,19462,14414,412.819,18,0.8838141849073409
2023-02-07,16866.166666666668,18734,14669,404.788,18,0.9002971424504467
2023-02-08,16315.333333333334,18393,14061,391.568,18,0.8870403595570779
2023-02-09,16804.708333333332,18759,14057,403.313,17,0.895821116974963
2023-02-10,16486.541666666668,18354,13494,395.677,18,0.8982533326068796
2023-02-11,15700.0,17736,14454,376.8,18,0.8852052322958953
2023-02-12,15049.875,17845,13776,361.197,18,0.8433664892126647
2023-02-13,15854.166666666666,18196,13814,380.5,18,0.8712995530153147
2023-02-14,15447.083333333334,17340,14001,370.73,18,0.8908352556708958
2023-02-15,15524.833333333334,17353,12990,372.596,18,0.8946483797230066
2023-02-16,16607.291666666668,19015,13527,398.575,18,0.8733784731352442
2023-02-17,17406.458333333332,19460,14731,417.755,18,0.8944737067488865
2023-02-18,16134.75,17978,14736,387.234,18,0.8974719101123596
2023-02-19,14732.625,16479,13500,353.583,18,0.8940242126342618
2023-02-20,14991.583333333334,17789,13299,359.798,18,0.8427445799838852
2023-02-21,16560.458333333332,19054,13754,397.451,18,0.8691329029775025
2023-02-22,17693.291666666668,20267,14847,424.639,18,0.8730099011529416
2023-02-23,18037.958333333332,19959,15491,432.911,18,0.9037506054077525
2023-02-24,17615.458333333332,19853,15388,422.771,18,0.8872945314729931
2023-02-25,17028.5,18759,15321,408.684,18,0.9077509462124846
2023-02-26,15715.625,18148,14066,377.175,18,0.8659700793475865
2023-02-27,17341.208333333332,19568,14536,416.189,18,0.8862023882529299
2023-02-28,17269.666666666668,18824,15115,414.472,18,0.9174281059640176
2023-03-01,16733.75,18695,14365,401.61,18,0.8950922706606045
2023-03-02,16635.458333333332,18688,14439,399.251,19,0.890167933076484
2023-03-03,16667.0,18457,14686,400.008,18,0.9030178252153654
2023-03-04,15405.041666666666,17094,14071,369.721,19,0.9011958386958386
2023-03-05,14889.75,17473,13236,357.354,19,0.8521576146053912
2023-03-06,16141.708333333334,18357,14000,387.401,18,0.8793216938134408
2023-03-07,15976.5,18335,13894,383.436,19,0.8713662394327788
2023-03-08,16011.791666666666,18240,14173,384.283,19,0.8778394554093567
2023-03-09,16146.708333333334,18150,14541,387.521,19,0.8896258034894399
2023-03-10,16810.166666666668,18811,14150,403.444,18,0.8936349299168926
2023-03-11,15557.708333333334,17529,14257,373.385,19,0.8875411223306141
2023-03-12,15866.833333333334,17614,14387,380.804,18,0.9008080693387835
2023-03-13,16823.583333333332,18441,14306,403.766,9,0.9122923558013846
2023-03-14,16699.583333333332,18446,14600,400.79,19,0.9053227438649751
2023-03-15,16147.458333333334,18273,14695,387.539,7,0.8836785603531623
2023-03-16,15766.083333333334,17076,13976,378.386,18,0.9232890216287968
2023-03-17,16095.958333333334,17894,13583,386.303,10,0.8995170634477107
2023-03-18,15452.083333333334,17205,13733,370.85,19,0.8981158577932772
2023-03-19,15283.333333333334,17057,14183,366.8,19,0.896015321178011
2023-03-20,15657.458333333334,17558,13851,375.779,6,0.8917563693662908
2023-03-21,15452.041666666666,17289,13645,370.849,19,0.893749879499489
2023-03-22,16063.041666666666,17699,13260,385.513,18,0.9075677533570634
2023-03-23,16117.708333333334,17578,13408,386.825,19,0.9169250388743505
2023-03-24,15644.333333333334,17623,13859,375.464,7,0.8877224838752388
2023-03-25,15512.666666666666,17578,13086,372.304,10,0.8825046459589638
2023-03-26,14233.875,16121,12940,341.613,19,0.8829399540971403
2023-03-27,16118.625,17699,13212,386.847,18,0.9107082321035087
2023-03-28,15459.833333333334,17292,13893,371.036,6,0.894045415991981
2023-03-29,15919.625,18139,13577,382.071,19,0.8776462318760682
2023-03-30,15955.916666666666,18020,14550,382.942,6,0.8854559748427673
2023-03-31,16348.916666666666,18129,13962,392.374,10,0.9018101752256973
2023-04-01,14481.208333333334,15969,13212,347.549,18,0.9068325088191705
2023-04-02,14400.791666666666,16440,13475,345.619,19,0.8759605636658556
2023-04-03,15357.625,16590,13190,368.583,19,0.9257157926461724
2023-04-04,15115.5,16601,13172,362.772,7,0.9105174387085115
2023-04-05,15719.625,17547,12863,377.271,14,0.8958582663703197
2023-04-06,14622.0,16075,12692,350.928,19,0.9096111975116641
2023-04-07,13700.25,15547,12826,328.806,19,0.8812150254068309
2023-04-08,13963.041666666666,15513,13116,335.113,19,0.9000864866026344
2023-04-09,13349.833333333334,14772,12560,320.396,19,0.9037255167433884
2023-04-10,13863.833333333334,15815,12277,332.732,19,0.8766255664453578
2023-04-11,13871.333333333334,15624,11842,332.912,19,0.8878221539511862
2023-04-12,13728.375,15687,11612,329.481,19,0.8751434308663224
2023-04-13,14103.833333333334,16488,11659,338.492,18,0.8553998867863497
2023-04-14,14277.375,16425,11802,342.657,18,0.8692465753424657
2023-04-15,13371.083333333334,15336,11597,320.906,17,0.8718755433837594
2023-04-16,13003.375,15314,11117,312.081,17,0.849116821209351
2023-04-17,14190.458333333334,15920,11208,340.571,19,0.8913604480737018
2023-04-18,15012.25,16811,12316,360.294,19,0.8930016060912498
2023-04-19,14962.458333333334,16690,12817,359.099,19,0.8964924106251249
2023-04-20,14339.958333333334,15821,12542,344.159,19,0.9063876071887575
2023-04-21,14384.208333333334,15788,12248,345.221,19,0.9110848957013766
2023-04-22,13718.541666666666,14914,12035,329.245,10,0.9198432121943587
2023-04-23,13718.583333333334,15429,11760,329.246,19,0.8891427398621644
2023-04-24,14904.0,16582,12420,357.696,19,0.898805934145459
2023-04-25,14842.916666666666,16667,12719,356.23,19,0.8905571888562228
2023-04-26,14799.541666666666,16302,12814,355.189,19,0.9078359505991085
2023-04-27,14232.375,15651,12598,341.577,6,0.9093588269120184
2023-04-28,14167.541666666666,15259,12225,340.021,19,0.9284711754811368
2023-04-29,13976.958333333334,15254,12015,335.447,12,0.9162815217866352
2023-04-30,13806.041666666666,15421,11810,331.345,19,0.8952753820547737
2023-05-01,14537.375,15888,12069,348.897,19,0.9149908736153072
2023-05-02,14743.583333333334,16342,12472,353.846,19,0.9021896544690573
2023-05-03,14829.916666666666,16283,12905,355.918,19,0.910760711580585
2023-05-04,14712.666666666666,16090,12564,353.104,19,0.9143981769214833
2023-05-05,13947.875,15028,12401,334.749,19,0.9281258317806761
2023-05-06,12763.958333333334,14257,11660,306.335,19,0.8952765892777818
2023-05-07,12966.291666666666,14977,10907,311.191,17,0.8657469230598027
2023-05-08,13726.875,15391,11668,329.445,19,0.8918767461503476
2023-05-09,13703.583333333334,15573,11701,328.886,19,0.8799578330015626
2023-05-10,13756.208333333334,15510,12077,330.149,19,0.8869251020846766
2023-05-11,14037.375,16331,11446,336.897,19,0.8595539158655318
2023-05-12,14617.833333333334,16714,11888,350.828,16,0.8745861752622552
2023-05-13,13284.291666666666,14921,11676,318.823,17,0.890308402028461
2023-05-14,12384.708333333334,14488,10887,297.233,20,0.8548252576845206
2023-05-15,13734.291666666666,15702,11491,329.623,19,0.8746842228166263
2023-05-16,13903.875,15355,11522,333.693,20,0.9054949527841094
2023-05-17,13853.333333333334,15793,11859,332.48,20,0.8771818738259567
2023-05-18,14040.041666666666,15592,12432,336.961,19,0.9004644475799555
2023-05-19,13940.458333333334,15561,11949,334.571,19,0.8958587708587709
2023-05-20,13314.958333333334,14749,11611,319.559,10,0.9027702443103488
2023-05-21,12365.125,14137,10859,296.763,18,0.8746640022635637
2023-05-22,12335.5,14401,10989,296.052,19,0.8565724602458162
2023-05-23,14040.666666666666,16107,11254,336.976,19,0.871712092051075
2023-05-24,13814.875,15396,11950,331.557,20,0.897302870875552
2023-05-25,13705.625,15416,12041,328.935,19,0.8890519590036325
2023-05-26,13837.458333333334,15481,12022,332.099,18,0.8938349159184377
2023-05-27,13172.25,15294,11442,316.134,17,0.8612691251471165
2023-05-28,13587.625,16547,11194,326.103,18,0.821153381277573
2023-05-29,15089.25,18244,11707,362.142,17,0.827080135935102
2023-05-30,15783.416666666666,19402,11942,378.802,17,0.8134943133010343
2023-05-31,16999.958333333332,20787,12524,407.999,16,0.8178168246179502
2023-06-01,17908.083333333332,21088,13548,429.794,16,0.8492072900859888
2023-06-02,18153.75,21463,13670,435.69,16,0.8458160555374366
2023-06-03,15104.708333333334,17019,13048,362.513,17,0.8875203204261903
2023-06-04,13559.125,16183,11438,325.419,18,0.8378622628684422
2023-06-05,15158.458333333334,17801,11986,363.803,17,0.8515509428309271
2023-06-06,14911.041666666666,17178,12160,357.865,16,0.8680312997244537
2023-06-07,14353.583333333334,16257,11968,344.486,16,0.8829171023764123
2023-06-08,14559.791666666666,15962,12202,349.435,16,0.9121533433571398
2023-06-09,14318.0,15698,12107,343.632,19,0.912090712192636
2023-06-10,13884.333333333334,16198,11536,333.224,18,0.8571634358151212
2023-06-11,13795.5,15688,11664,331.092,16,0.8793663946965834
2023-06-12,14880.333333333334,16781,11916,357.128,16,0.8867369842877858
2023-06-13,14359.625,16034,12039,344.631,17,0.8955734688786329
2023-06-14,14446.833333333334,16127,11973,346.724,20,0.8958165395506501
2023-06-15,14555.375,16238,11921,349.329,20,0.8963773247936938
2023-06-16,14642.791666666666,16510,12084,351.427,17,0.8869044013729053
2023-06-17,13836.083333333334,15850,11849,332.066,17,0.8729390115667719
2023-06-18,14019.041666666666,16918,11455,336.457,18,0.8286465106198526
2023-06-19,15751.708333333334,18750,12205,378.041,17,0.8400911111111111
2023-06-20,16383.708333333334,19731,12659,393.209,17,0.8303536735762675
2023-06-21,16960.458333333332,20305,12913,407.051,16,0.8352848231141754
2023-06-22,16773.708333333332,19837,13235,402.569,16,0.8455768681420242
2023-06-23,16734.166666666668,18864,13544,401.62,12,0.8870953491659599
2023-06-24,16218.875,19057,13245,389.253,17,0.8510717846460618
2023-06-25,16606.291666666668,20313,12619,398.551,17,0.8175203892417008
2023-06-26,17093.041666666668,19554,13913,410.233,16,0.874145528621595
2023-06-27,16476.916666666668,18722,13587,395.446,16,0.8800831463874943
2023-06-28,15517.0,17982,12732,372.408,16,0.8629184740295851
2023-06-29,15852.416666666666,18294,12657,380.458,17,0.8665363871579024
2023-06-30,16510.833333333332,19789,12867,396.26,16,0.834343995822595
2023-07-01,16238.291666666666,19049,12821,389.719,16,0.8524485099830262
2023-07-02,15547.583333333334,17698,12962,373.142,17,0.8784938034429502
2023-07-03,16317.041666666666,20063,12761,391.609,17,0.8132902191430328
2023-07-04,18380.708333333332,21690,13155,441.137,16,0.8474277700937451
2023-07-05,19452.541666666668,22686,14364,466.861,17,0.8574689970319433
2023-07-06,18890.0,21882,15262,453.36,11,0.8632666118270724
2023-07-07,17374.208333333332,20037,14343,416.981,17,0.8671062700670426
2023-07-08,15061.125,17038,12359,361.467,16,0.8839725906796573
2023-07-09,15364.0,18642,12124,368.736,17,0.8241604978006651
2023-07-10,17304.125,21021,13047,415.299,17,0.8231827696113411
2023-07-11,17602.708333333332,20349,13645,422.465,15,0.8650404606286959
2023-07-12,16312.875,19898,12802,391.509,16,0.8198248567695245
2023-07-13,16215.75,18246,12873,389.178,17,0.888729036501151
2023-07-14,16379.333333333334,19628,12913,393.104,16,0.8344881461857211
2023-07-15,15582.208333333334,17749,12657,373.973,16,0.8779203523203185
2023-07-16,15886.75,19169,12637,381.282,17,0.8287730189368251
2023-07-17,16918.666666666668,20199,12898,406.048,16,0.837599221083552
2023-07-18,16904.708333333332,19849,13249,405.713,16,0.8516654911246577
2023-07-19,16693.291666666668,19700,12948,400.639,17,0.8473752115059222
2023-07-20,17184.958333333332,20794,13221,412.439,16,0.826438315539739
2023-07-21,16438.125,19219,12983,394.515,17,0.8553059472397107
2023-07-22,15834.583333333334,19176,12785,380.03,17,0.8257500695313587
2023-07-23,15744.625,18744,12417,377.871,17,0.8399821276141699
2023-07-24,17330.125,20356,13232,415.923,15,0.8513521811750835
2023-07-25,17855.875,21298,13608,428.541,16,0.8383827119917363
2023-07-26,18524.375,21296,14593,444.585,16,0.8698523196844478
2023-07-27,18787.333333333332,21558,15177,450.896,17,0.8714784921297585
2023-07-28,18825.458333333332,21551,14516,451.811,16,0.8735306172954077
2023-07-29,16017.083333333334,17404,13695,384.41,18,0.9203104650271968
2023-07-30,14526.833333333334,17160,11987,348.644,17,0.8465520590520591
2023-07-31,15662.416666666666,18628,12364,375.898,17,0.8407996922195977
2023-08-01,15743.625,18484,12790,377.847,17,0.8517433996970353
2023-08-02,16052.5,18861,12633,385.26,16,0.8510948518106145
2023-08-03,17737.916666666668,21364,13563,425.71,16,0.8302713287149723
2023-08-04,17178.583333333332,20324,13645,412.286,16,0.845236337991209
2023-08-05,15109.75,17724,12697,362.634,17,0.8525022568269014
2023-08-06,14463.791666666666,16722,11790,347.131,16,0.8649558465893235
2023-08-07,15591.333333333334,18059,12565,374.192,16,0.8633552983738487
2023-08-08,16271.041666666666,19078,13259,390.505,16,0.8528693608694132
2023-08-09,17341.708333333332,21281,13244,416.201,16,0.8148916091035822
2023-08-10,17098.125,19660,13976,410.355,17,0.869690996948118
2023-08-11,16245.5,19054,12865,389.892,16,0.852603127952136
2023-08-12,16109.458333333334,19218,13036,386.627,16,0.8382484302910466
2023-08-13,15339.625,18155,12429,368.151,17,0.8449256403194713
2023-08-14,16539.416666666668,19683,12994,396.946,16,0.8402894206506462
2023-08-15,16119.666666666666,18119,13030,386.872,19,0.8896554261640635
2023-08-16,17054.583333333332,20781,13169,409.31,17,0.8206815520587716
2023-08-17,16910.25,19907,13308,405.846,16,0.8494625006279198
2023-08-18,14907.208333333334,16246,12829,357.773,19,0.9175925355985063
2023-08-19,14102.541666666666,16665,11776,338.461,17,0.8462371237123713
2023-08-20,15515.833333333334,19048,11642,372.38,17,0.814564958700826
2023-08-21,16692.875,19381,13759,400.629,16,0.861301016459419
2023-08-22,15967.375,19028,12760,383.217,17,0.8391515135589658
2023-08-23,15485.541666666666,17355,13135,371.653,19,0.89228128301162
2023-08-24,16301.125,18750,12662,391.227,19,0.8693933333333334
2023-08-25,16590.125,18637,13669,398.163,16,0.8901714331705747
2023-08-26,14843.0,16569,12751,356.232,16,0.8958295612288008
2023-08-27,13839.208333333334,16476,11629,332.141,17,0.8399616614064903
2023-08-28,15615.416666666666,18652,12238,374.77,17,0.8371979769819143
2023-08-29,16032.625,19048,12677,384.783,16,0.8416959785804284
2023-08-30,15159.0,16611,12826,363.816,16,0.9125880440671844
2023-08-31,14900.416666666666,17477,12226,357.61,18,0.8525729053422593
2023-09-01,15319.708333333334,18091,12500,367.673,17,0.8468137932305199
2023-09-02,14726.791666666666,16920,12460,353.443,18,0.8703777580772262
2023-09-03,15943.041666666666,19321,12245,382.633,16,0.8251664855166226
2023-09-04,17861.875,21725,13640,428.685,17,0.822180667433832
2023-09-05,19916.833333333332,23713,14712,478.004,16,0.839912003261221
2023-09-06,19914.0,22966,15623,477.936,16,0.8671078986327615
2023-09-07,18594.458333333332,21166,15329,446.267,16,0.8785060159375098
2023-09-08,15915.208333333334,17440,13651,381.965,16,0.9125692851681958
2023-09-09,14328.291666666666,16069,12580,343.879,19,0.8916728898292778
2023-09-10,14629.583333333334,17257,12125,351.11,19,0.847747773850225
2023-09-11,16166.291666666666,19016,12738,387.991,16,0.8501415474687982
2023-09-12,15972.208333333334,18064,13123,383.333,16,0.8842010813404193
2023-09-13,14747.0,16369,12560,353.928,19,0.9009102571934755
2023-09-14,14470.708333333334,16412,11925,347.297,19,0.8817151068323991
2023-09-15,14496.333333333334,16554,11998,347.912,17,0.8756997301759897
2023-09-16,13599.666666666666,15496,11771,326.392,18,0.8776243331612459
2023-09-17,13801.166666666666,16163,11505,331.228,18,0.8538740745323681
2023-09-18,14745.375,16704,11933,353.889,18,0.882745150862069
2023-09-19,14416.458333333334,16489,12020,345.995,18,0.8743076192208947
2023-09-20,14582.541666666666,16865,12154,349.981,18,0.8646630101788714
2023-09-21,14872.083333333334,17238,12002,356.93,16,0.8627499323200681
2023-09-22,14730.833333333334,16827,12214,353.54,16,0.875428378994077
2023-09-23,13615.041666666666,15278,12000,326.761,18,0.8911534014050704
2023-09-24,13482.125,16240,11402,323.571,18,0.8301801108374385
2023-09-25,14821.75,17143,11965,355.722,16,0.8645948783760136
2023-09-26,14759.583333333334,16648,12338,354.23,18,0.8865679561108442
2023-09-27,14501.541666666666,16382,12401,348.037,18,0.885211919586538
2023-09-28,14617.833333333334,16700,12046,350.828,18,0.8753193612774451
2023-09-29,14667.5,16496,12216,352.02,18,0.8891549466537343
2023-09-30,14015.666666666666,16418,11965,336.376,17,0.8536768587322857
2023-10-01,14260.5,17211,11598,342.252,17,0.8285689384695835
2023-10-02,15925.791666666666,19552,12270,382.219,16,0.814535171167485
2023-10-03,16828.5,20849,12857,403.884,16,0.8071610149167826
2023-10-04,16813.75,20609,12998,403.53,16,0.8158450191663836
2023-10-05,16290.208333333334,18586,13152,390.965,15,0.8764773664765595
2023-10-06,15214.333333333334,16987,12815,365.144,17,0.8956456898412511
2023-10-07,13428.75,14878,11757,322.29,18,0.9025910740690953
2023-10-08,13199.583333333334,14811,11260,316.79,18,0.8912013593500326
2023-10-09,13407.75,15613,11385,321.786,18,0.8587555242426184
2023-10-10,14900.833333333334,17004,11903,357.62,18,0.8763134164510311
2023-10-11,14930.0,16829,12478,358.32,18,0.887159070651851
2023-10-12,14549.291666666666,16338,12438,349.183,18,0.8905185253192965
2023-10-13,14680.583333333334,16266,12503,352.334,18,0.9025318660600845
2023-10-14,13801.5,15544,11760,331.236,17,0.8878988677303139
2023-10-15,13666.541666666666,15854,11842,327.997,18,0.8620248307472351
2023-10-16,14937.125,16904,11990,358.491,18,0.8836444036914339
2023-10-17,14694.791666666666,16502,12345,352.675,18,0.8904854967074698
2023-10-18,14459.375,16355,12142,347.025,17,0.8840950779578111
2023-10-19,14592.375,16313,12128,350.217,16,0.8945243057684056
2023-10-20,14832.666666666666,16465,12248,355.984,9,0.9008604109727705
2023-10-21,13871.208333333334,15545,11725,332.909,17,0.892326042671813
2023-10-22,13620.0,16082,11650,326.88,18,0.8469095883596568
2023-10-23,14770.5,16950,12528,354.492,18,0.8714159292035398
2023-10-24,14521.333333333334,16135,12203,348.512,17,0.8999896704885859
2023-10-25,14714.541666666666,16517,11793,353.149,17,0.890872535367601
2023-10-26,14794.666666666666,16495,12222,355.072,16,0.8969182580579973
2023-10-27,14584.083333333334,16470,12048,350.018,17,0.8854938271604939
2023-10-28,13490.791666666666,15447,11784,323.779,17,0.8733599835998359
2023-10-29,14206.708333333334,16553,11717,340.961,17,0.8582558045872853
2023-10-30,15756.458333333334,17858,12561,378.155,18,0.8823193153395305
2023-10-31,15769.625,17456,13427,378.471,16,0.903392816223648
2023-11-01,15965.791666666666,18216,13464,383.179,17,0.8764707766066462
2023-11-02,15635.375,17463,13417,375.249,17,0.8953430109374105
2023-11-03,14950.375,16616,12746,358.809,17,0.8997577636013481
2023-11-04,14685.333333333334,16399,12749,352.448,17,0.895501758237291
2023-11-05,14528.291666666666,17394,12555,348.679,17,0.8352473075006707
2023-11-06,15540.0,17793,12849,372.96,17,0.8733771707975047
2023-11-07,15681.5,18112,12702,376.356,17,0.8658071996466431
2023-11-08,16608.458333333332,19462,13772,398.603,17,0.8533788065632172
2023-11-09,16120.625,17906,13736,386.895,17,0.9002918016307383
2023-11-10,15813.166666666666,17983,13372,379.516,17,0.8793397467979017
2023-11-11,15461.791666666666,17794,13426,371.083,17,0.8689328799970027
2023-11-12,14925.875,17610,13414,358.221,17,0.8475795002839296
2023-11-13,15753.083333333334,18285,13364,378.074,17,0.8615303983228512
2023-11-14,15865.791666666666,18187,13396,380.779,17,0.8723699162405381
2023-11-15,15363.583333333334,17417,13165,368.726,17,0.8821027348758875
2023-11-16,15375.541666666666,17408,13519,369.013,17,0.883245729932598
2023-11-17,15598.708333333334,17823,12626,374.369,17,0.8752010510763246
2023-11-18,14764.0,16862,13390,354.336,17,0.8755782232238168
2023-11-19,14958.083333333334,17824,12869,358.994,17,0.8392102408737283
2023-11-20,16526.875,19536,13783,396.645,17,0.84597026003276
2023-11-21,17120.291666666668,19417,14031,410.887,17,0.8817166228905943
2023-11-22,16585.666666666668,19034,13524,398.056,17,0.8713705299288992
2023-11-23,16457.958333333332,18947,13482,394.991,17,0.868631357646769
2023-11-24,16882.583333333332,19443,14303,405.182,17,0.8683116460079892
2023-11-25,16052.291666666666,18393,14363,385.255,17,0.8727391761358487
2023-11-26,15733.291666666666,18499,13735,377.599,17,0.8504941708560823
2023-11-27,16884.875,19653,13519,405.237,17,0.8591500025441409
2023-11-28,17469.708333333332,20579,14708,419.273,17,0.8489094870175097
2023-11-29,17645.541666666668,20113,14870,423.493,17,0.8773202240673529
2023-11-30,16402.291666666668,18596,14330,393.655,17,0.8820333225783323
2023-12-01,16825.333333333332,19090,13728,403.808,17,0.8813689540771782
2023-12-02,16097.333333333334,18168,13850,386.336,17,0.8860267136356965
2023-12-03,16117.875,18863,13343,386.829,17,0.8544703917722526
2023-12-04,17204.875,19667,13966,412.917,17,0.8748093252656735
2023-12-05,17502.791666666668,19844,14415,420.067,17,0.8820193341396224
2023-12-06,17459.75,19865,14554,419.034,17,0.8789202114271332
2023-12-07,17437.458333333332,19528,14643,418.499,17,0.8929464529564386
2023-12-08,16680.583333333332,18838,14121,400.334,17,0.8854752804614785
2023-12-09,15270.166666666666,17204,13157,366.484,17,0.8875939703944818
2023-12-10,15498.083333333334,18232,12652,371.954,17,0.8500484496124031
2023-12-11,16965.416666666668,19888,13650,407.17,17,0.8530479015821937
2023-12-12,17025.625,19461,14318,408.615,17,0.8748586917424592
2023-12-13,17317.791666666668,20004,14503,415.627,17,0.8657164400453243
2023-12-14,16923.958333333332,18686,14699,406.175,17,0.9057025759035284
2023-12-15,15998.5,17965,13949,383.964,17,0.890537155580295
2023-12-16,15474.875,17588,13418,371.397,17,0.8798541619285877
2023-12-17,15544.416666666666,18259,13108,373.066,17,0.8513290249557296
2023-12-18,16482.875,19033,13250,395.589,17,0.8660156044764357
2023-12-19,17277.083333333332,19717,14426,414.65,17,0.8762531487210697
2023-12-20,17214.125,19452,14510,413.139,17,0.8849539893070121
2023-12-21,17022.833333333332,19625,14174,408.548,17,0.8674055201698513
2023-12-22,17051.083333333332,18941,14814,409.226,17,0.9002208612709641
2023-12-23,15998.541666666666,18051,13731,383.965,17,0.8862966963972448
2023-12-24,15122.75,16935,12997,362.946,16,0.8929878948922351
2023-12-25,14211.666666666666,15795,12552,341.08,17,0.8997573071647146
2023-12-26,14260.208333333334,16333,12029,342.245,17,0.8730917977917917
2023-12-27,15092.916666666666,17358,12297,362.23,17,0.8695078158005914
2023-12-28,15180.75,17247,12879,364.338,17,0.8801965559227691
2023-12-29,15277.541666666666,17472,12895,366.661,17,0.8744014232295482
2023-12-30,15724.458333333334,18138,13189,377.387,17,0.8669345205278054
2023-12-31,15592.833333333334,18017,13451,374.228,17,0.8654511479898614
2024-01-01,15428.291666666666,17805,13637,370.279,17,0.8665145558363755
2024-01-02,16522.708333333332,19035,13500,396.545,17,0.8680172489274144
2024-01-03,17086.541666666668,19452,14184,410.077,17,0.8783951093289465
2024-01-04,17343.041666666668,19981,14576,416.233,17,0.8679766611614368
2024-01-05,17660.416666666668,19536,15223,423.85,17,0.9039934821184822
2024-01-06,16928.916666666668,19074,14546,406.294,17,0.8875388836461502
2024-01-07,16890.375,19192,14862,405.369,17,0.880073728636932
2024-01-08,17274.416666666668,19665,14257,414.586,17,0.8784346131028054
2024-01-09,17399.0,19996,14049,417.576,17,0.870124024804961
2024-01-10,16998.541666666668,19538,13892,407.965,17,0.8700246528133211
2024-01-11,17540.666666666668,19547,14635,420.976,17,0.8973585034361625
2024-01-12,17505.375,19530,14916,420.129,17,0.8963325652841782
2024-01-13,16716.291666666668,18991,14298,401.191,17,0.8802217717164271
2024-01-14,16938.916666666668,19676,14475,406.534,17,0.8608922884055026
2024-01-15,18402.25,20880,15437,441.654,17,0.8813338122605364
2024-01-16,18682.041666666668,20714,15954,448.369,18,0.9019041067233112
2024-01-17,18633.541666666668,20348,16307,447.205,18,0.9157431524801783
2024-01-18,18646.541666666668,20440,16032,447.517,17,0.9122574200913243
2024-01-19,18653.625,20626,15734,447.687,17,0.904374333365655
2024-01-20,18328.375,20226,16411,439.881,17,0.9061789281123307
2024-01-21,17404.458333333332,19544,15871,417.707,17,0.8905269306863146
2024-01-22,18169.833333333332,20368,15321,436.076,17,0.892077441738675
2024-01-23,18079.833333333332,19925,15518,433.916,17,0.9073943956503554
2024-01-24,17867.958333333332,20006,15219,428.831,17,0.8931299776733646
2024-01-25,17165.5,19021,14693,411.972,17,0.9024499237684664
2024-01-26,17133.5,18870,14302,411.204,17,0.907975622681505
2024-01-27,16115.416666666666,17825,13950,386.77,17,0.9040906965871902
2024-01-28,16030.958333333334,18336,13527,384.743,17,0.8742887398196626
2024-01-29,16974.708333333332,18978,14206,407.393,18,0.8944413707099448
2024-01-30,17365.625,19401,14354,416.775,17,0.8950891706613061
2024-01-31,16972.166666666668,18914,14603,407.332,17,0.8973335448168905
2024-02-01,16814.958333333332,18867,14200,403.559,17,0.891236462253317
2024-02-02,16706.333333333332,18869,14035,400.952,18,0.8853851997102831
2024-02-03,16092.833333333334,18257,14537,386.228,18,0.8814609921308723
2024-02-04,15766.75,18154,14193,378.402,18,0.868500055084279
2024-02-05,16936.375,19030,14121,406.473,18,0.8899829217025749
2024-02-06,16667.833333333332,18983,14867,400.028,18,0.8780400007023828
2024-02-07,16792.041666666668,18692,14653,403.009,18,0.8983544653684287
2024-02-08,16188.75,17677,14250,388.53,17,0.9158086779430898
2024-02-09,15519.25,17057,13698,372.462,18,0.9098463973735124
2024-02-10,14842.166666666666,17264,12854,356.212,18,0.8597177170219339
2024-02-11,15743.875,18114,13440,377.853,18,0.869155073423871
2024-02-12,16682.333333333332,18660,13979,400.376,18,0.8940157198999642
2024-02-13,17091.416666666668,19130,14637,410.194,18,0.8934352674682001
2024-02-14,17227.958333333332,19343,15270,413.471,18,0.8906559651208877
2024-02-15,17576.083333333332,19256,15059,421.826,17,0.9127587937958731
2024-02-16,17644.708333333332,19703,14958,423.473,18,0.8955340980222978
2024-02-17,16754.916666666668,18925,14767,402.118,18,0.8853324526640247
2024-02-18,16471.125,18221,14795,395.307,18,0.9039638329400143
2024-02-19,16410.25,18745,15075,393.846,18,0.8754467858095493
2024-02-20,16893.041666666668,18693,14835,405.433,19,0.9037094990994847
2024-02-21,16398.375,18195,14845,393.561,18,0.9012572135201978
2024-02-22,16274.708333333334,17991,13799,390.593,19,0.9046027643451355
2024-02-23,16168.75,18339,14063,388.05,19,0.8816593053056329
2024-02-24,16374.458333333334,18647,15108,392.987,18,0.8781282958831627
2024-02-25,15532.333333333334,17713,14518,372.776,18,0.8768889139803158
2024-02-26,15758.666666666666,17676,14010,378.208,18,0.8915290035452967
2024-02-27,15586.5,17138,13656,374.076,17,0.9094701832185786
2024-02-28,16210.125,18829,13101,389.043,19,0.8609126878750863
2024-02-29,17422.041666666668,19612,15318,418.129,18,0.8883357978108641
2024-03-01,16374.833333333334,17894,15020,392.996,8,0.915101896352595
2024-03-02,15565.708333333334,17193,13774,373.577,18,0.9053514996413269
2024-03-03,14923.041666666666,16937,12936,358.153,18,0.8810912007242526
2024-03-04,15001.833333333334,16833,13192,360.044,18,0.8912156676369829
2024-03-05,15115.666666666666,17165,12721,362.776,17,0.8806097679386348
2024-03-06,15679.25,17421,13204,376.302,18,0.900020090695138
2024-03-07,15102.5,17054,13623,362.46,19,0.885569367890231
2024-03-08,15156.625,16963,13333,363.759,18,0.8935108766138066
2024-03-09,14939.5,16802,12702,358.548,17,0.8891501011784312
2024-03-10,15301.25,17546,13034,367.23,18,0.8720648580873134
2024-03-11,15484.041666666666,17356,13954,371.617,7,0.8921434470308058
2024-03-12,14839.375,16605,13393,356.145,7,0.8936690755796447
2024-03-13,14559.041666666666,16389,12704,349.417,18,0.8883422824252039
2024-03-14,15498.541666666666,17277,12873,371.965,18,0.8970620863961721
2024-03-15,15249.875,16806,13212,365.997,8,0.9074065809829822
2024-03-16,14699.208333333334,16202,13205,352.781,17,0.9072465333497922
2024-03-17,14670.791666666666,16777,12867,352.099,19,0.8744585841727762
2024-03-18,16543.625,18365,13437,397.047,16,0.9008235774571195
2024-03-19,16688.75,18707,14135,400.53,18,0.8921125781792911
2024-03-20,16438.291666666668,18527,14131,394.519,19,0.8872613842859971
2024-03-21,17015.916666666668,18813,15128,408.382,19,0.9044765144669467
2024-03-22,17480.666666666668,18730,15314,419.536,8,0.9332977398113544
2024-03-23,15876.166666666666,17365,14627,381.028,19,0.9142624052212304
2024-03-24,15180.666666666666,17208,14104,364.336,19,0.8821865798853247
2024-03-25,15607.375,17212,13992,374.577,7,0.9067728910062747
2024-03-26,15885.833333333334,17338,13413,381.26,16,0.9162437036182567
2024-03-27,15666.583333333334,17457,13370,375.998,18,0.8974384678543469
2024-03-28,15055.333333333334,16817,13773,361.328,6,0.8952448910824364
2024-03-29,14353.083333333334,15987,13084,344.474,19,0.8977971685327663
2024-03-30,14433.166666666666,15789,13233,346.396,16,0.9141279793949374
2024-03-31,14126.333333333334,15635,12873,339.032,19,0.9035070887965037
2024-04-01,14790.083333333334,16626,13144,354.962,19,0.8895755643770801
2024-04-02,15463.5,17217,12973,371.124,18,0.8981529883254923
2024-04-03,16164.583333333334,17774,13233,387.95,18,0.9094510708525562
2024-04-04,16317.0,17958,13998,391.608,19,0.9086201135983962
2024-04-05,15534.25,17003,13894,372.822,7,0.9136181850261719
2024-04-06,13818.125,15491,13048,331.635,19,0.8920098767026015
2024-04-07,13233.375,15074,12470,317.601,19,0.8778940559904471
2024-04-08,14622.291666666666,16310,12104,350.935,19,0.8965230942162272
2024-04-09,14211.791666666666,16217,12579,341.083,19,0.8763514624570923
2024-04-10,14107.166666666666,15666,12279,338.572,19,0.9004957657772671
2024-04-11,14972.625,16625,11909,359.343,16,0.900609022556391
2024-04-12,14771.208333333334,16189,12270,354.509,10,0.9124225297012375
2024-04-13,13739.041666666666,15183,12276,329.737,19,0.9048963753320599
2024-04-14,13524.708333333334,15197,11643,324.593,19,0.8899590928034042
2024-04-15,14182.958333333334,15971,12176,340.391,19,0.8880444764468933
2024-04-16,14142.625,16088,12281,339.423,19,0.8790791272998508
2024-04-17,14968.708333333334,16635,12235,359.249,17,0.899832181144174
2024-04-18,15055.375,16388,12658,361.329,19,0.9186828777154015
2024-04-19,14730.166666666666,16332,12727,353.524,7,0.901920564944077
2024-04-20,14070.958333333334,15579,12096,337.703,19,0.9032003551789803
2024-04-21,13739.833333333334,15679,12378,329.756,19,0.8763207687565109
2024-04-22,14306.083333333334,16190,12800,343.346,6,0.8836370187358452
2024-04-23,14577.416666666666,16188,12187,349.858,16,0.9005075776295197
2024-04-24,14692.125,16588,12503,352.611,19,0.885708041958042
2024-04-25,14746.833333333334,16397,13356,353.924,19,0.8993616718505418
2024-04-26,13994.291666666666,15334,12760,335.863,19,0.9126315160210425
2024-04-27,13512.291666666666,14813,11850,324.295,10,0.9121914309502913
2024-04-28,13409.416666666666,15305,11328,321.826,16,0.8761461396057932
2024-04-29,14468.833333333334,16412,11501,347.252,19,0.8816008611585019
2024-04-30,14680.166666666666,16200,12116,352.324,19,0.9061831275720165
2024-05-01,14092.375,15680,12318,338.217,19,0.8987484056122449
2024-05-02,13925.25,15551,11939,334.206,19,0.8954568838016848
2024-05-03,14068.083333333334,15724,11616,337.634,19,0.8946885864495888
2024-05-04,13038.916666666666,14721,11496,312.934,17,0.8857357969340851
2024-05-05,13388.0,15185,11158,321.312,19,0.8816595324333224
2024-05-06,13972.208333333334,15838,11703,335.333,19,0.8821952477164625
2024-05-07,14000.166666666666,15695,11900,336.004,19,0.892014441966656
2024-05-08,14213.208333333334,15921,11758,341.117,19,0.8927333919561167
2024-05-09,14185.375,15724,12008,340.449,19,0.9021479903332486
2024-05-10,13983.708333333334,15394,11852,335.609,20,0.9083869256420251
2024-05-11,13105.375,14539,11411,314.529,16,0.9013945250705
2024-05-12,12893.291666666666,14615,11383,309.439,20,0.882195803398335
2024-05-13,14142.083333333334,15980,11224,339.41,19,0.8849864413850647
2024-05-14,14646.333333333334,16278,12142,351.512,16,0.8997624605807429
2024-05-15,14452.166666666666,16339,11975,346.852,19,0.8845196564457228
2024-05-16,14679.875,16595,12284,352.317,18,0.8845962639349202
2024-05-17,14744.166666666666,16340,12230,353.86,19,0.9023357813137495
2024-05-18,13825.333333333334,15593,11917,331.808,18,0.886637166249813
2024-05-19,13799.25,16439,11608,331.182,17,0.8394214976580084
2024-05-20,14535.208333333334,17909,11634,348.845,16,0.8116147374690565
2024-05-21,16712.333333333332,20229,12726,401.096,16,0.8261571671033334
2024-05-22,17308.416666666668,20436,13388,415.402,18,0.846957167090755
2024-05-23,16098.458333333334,18582,13172,386.363,18,0.8663469127829799
2024-05-24,15424.75,18224,12531,370.194,16,0.8463976075504829
2024-05-25,14025.958333333334,15777,12102,336.623,18,0.8890130147260781
2024-05-26,13556.458333333334,15720,11488,325.355,17,0.862370122985581
2024-05-27,15076.0,17164,12033,361.824,16,0.8783500349568865
2024-05-28,14759.291666666666,16484,12213,354.223,17,0.895370763568713
2024-05-29,14167.25,16051,12085,340.014,18,0.8826397109214379
2024-05-30,14015.041666666666,16128,11915,336.361,18,0.8689881985780423
2024-05-31,14327.375,16782,12106,343.857,18,0.8537346561792397
2024-06-01,13684.166666666666,16202,11315,328.42,16,0.8445973748096942
2024-06-02,13875.166666666666,16088,11368,333.004,18,0.8624544173711255
2024-06-03,15772.916666666666,18655,12420,378.55,18,0.8455061198963638
2024-06-04,16883.75,20694,12433,405.21,17,0.8158765825843239
2024-06-05,17064.458333333332,20396,13059,409.547,16,0.8366571059684905
2024-06-06,16538.916666666668,18764,13463,396.934,17,0.8814174305407518
2024-06-07,14849.375,16151,12747,356.385,14,0.9194090149216767
2024-06-08,13599.958333333334,15278,11646,326.399,16,0.8901661430379195
2024-06-09,13258.416666666666,14891,11265,318.202,17,0.8903644259396055
2024-06-10,14316.791666666666,15942,11726,343.603,20,0.8980549282816878
2024-06-11,14550.833333333334,16211,12043,349.22,16,0.8975901137087986
2024-06-12,15072.083333333334,17671,12179,361.73,18,0.8529275838002
2024-06-13,16653.583333333332,20297,12308,399.686,17,0.8204948186103036
2024-06-14,16139.708333333334,18079,13319,387.353,17,0.8927323598281616
2024-06-15,14166.0,16553,12135,339.984,18,0.8557965323506314
2024-06-16,14113.333333333334,16857,11591,338.72,18,0.8372387336615847
2024-06-17,17608.333333333332,21648,12400,422.6,18,0.8133930771125892
2024-06-18,19708.458333333332,23097,15040,473.003,15,0.8532908314211081
2024-06-19,20423.958333333332,23852,15832,490.175,16,0.8562786488903795
2024-06-20,19886.541666666668,22486,16187,477.277,15,0.8843965875063002
2024-06-21,18552.208333333332,20942,14843,445.253,16,0.8858852226785089
2024-06-22,16982.916666666668,19535,13863,407.59,12,0.869358416517362
2024-06-23,16280.125,19077,13183,390.723,16,0.8533902081039996
2024-06-24,17113.208333333332,21052,12765,410.717,17,0.8129017828868199
2024-06-25,16658.333333333332,19207,13068,399.8,17,0.8673053227122055
2024-06-26,17213.5,20102,13845,413.124,12,0.85630783006666
2024-06-27,15415.375,17611,12794,369.969,18,0.8753265004826529
2024-06-28,15111.125,16970,12495,362.667,16,0.8904611078373601
2024-06-29,15593.333333333334,18183,12367,374.24,17,0.857577590789932
2024-06-30,13904.208333333334,14576,12727,333.701,16,0.953911109586535
2024-07-01,13660.166666666666,17032,11307,327.844,18,0.8020295130734304
2024-07-02,15558.833333333334,18439,12090,373.412,16,0.84380027839543
2024-07-03,17770.583333333332,21468,12648,426.494,16,0.8277707906341221
2024-07-04,18677.708333333332,21301,14363,448.265,13,0.876846548675336
2024-07-05,18432.5,21360,14605,442.38,12,0.8629447565543071
2024-07-06,17181.083333333332,20055,13585,412.346,17,0.8566982464888223
2024-07-07,17025.291666666668,21088,12961,408.607,17,0.8073450145422357
2024-07-08,18738.708333333332,22026,13988,449.729,18,0.8507540331123823
2024-07-09,19114.666666666668,21836,14919,458.752,16,0.8753740001221225
2024-07-10,17029.875,18523,14663,408.717,15,0.9193907574367003
2024-07-11,17349.291666666668,20579,13307,416.383,18,0.8430580527074526
2024-07-12,18038.666666666668,21172,13865,432.928,16,0.8520057938157315
2024-07-13,17530.541666666668,21223,13599,420.733,17,0.8260161931238122
2024-07-14,17587.041666666668,21095,13202,422.089,18,0.8337066445445209
2024-07-15,18736.083333333332,21637,14997,449.666,17,0.8659279629030519
2024-07-16,18146.041666666668,21102,14608,435.505,18,0.8599204656746596
2024-07-17,17865.125,21011,14274,428.763,16,0.850274856027795
2024-07-18,15933.583333333334,18140,13168,382.406,18,0.8783673281881661
2024-07-19,16134.916666666666,19289,12818,387.238,17,0.8364827967580831
2024-07-20,15976.833333333334,19363,12555,383.444,17,0.8251217958649658
2024-07-21,16402.0,20344,12694,393.648,17,0.8062327959103421
2024-07-22,17741.083333333332,21291,13255,425.786,16,0.8332667950464202
2024-07-23,18294.125,21748,14057,439.059,17,0.8411865458892772
2024-07-24,17783.666666666668,20340,14016,426.808,17,0.8743198951163553
2024-07-25,16522.875,19413,13320,396.549,17,0.8511242466388502
2024-07-26,16698.75,20346,12877,400.77,17,0.8207387201415511
2024-07-27,16455.041666666668,20360,12892,394.921,17,0.808204404060249
2024-07-28,17318.791666666668,21912,12895,415.651,17,0.7903793203115492
2024-07-29,19109.958333333332,22245,14509,458.639,16,0.859067580729752
2024-07-30,19723.625,22371,15559,473.367,18,0.8816604085646597
2024-07-31,20235.083333333332,23356,15791,485.642,16,0.8663762345150425
2024-08-01,20224.916666666668,23179,15839,485.398,16,0.8725534607475157
2024-08-02,19830.25,22103,16417,475.926,17,0.8971745916843867
2024-08-03,18582.458333333332,21899,15260,445.979,16,0.8485528258520175
2024-08-04,17588.041666666668,21417,13788,422.113,17,0.8212187358951613
2024-08-05,17204.583333333332,20270,14030,412.91,16,0.8487707613879295
2024-08-06,16208.583333333334,17854,13701,389.006,16,0.9078404465852657
2024-08-07,16076.583333333334,19574,12574,385.838,17,0.8213233541091925
2024-08-08,17220.583333333332,20282,13259,413.294,16,0.8490574565295993
2024-08-09,17777.416666666668,20658,14338,426.658,16,0.8605584599993547
2024-08-10,14738.75,16429,12639,353.73,16,0.8971179012721407
2024-08-11,14324.958333333334,16649,11969,343.799,18,0.8604095341061525
2024-08-12,15925.541666666666,18972,12440,382.213,18,0.8394234485909059
2024-08-13,17012.708333333332,20509,13400,408.305,17,0.8295240301006062
2024-08-14,17724.125,21791,13581,425.379,16,0.8133690514432564
2024-08-15,18252.416666666668,21975,13887,438.058,16,0.8305991657186197
2024-08-16,17933.708333333332,20493,14225,430.409,16,0.8751138600172416
2024-08-17,17080.416666666668,19607,14078,409.93,17,0.8711387089644855
2024-08-18,16565.25,19318,13665,397.566,16,0.8575033647375505
2024-08-19,15165.041666666666,16595,13089,363.961,17,0.913831977503264
2024-08-20,14563.208333333334,16576,12259,349.517,19,0.8785719313063064
2024-08-21,14888.833333333334,17096,12345,357.332,19,0.8708957260957729
2024-08-22,15395.541666666666,18050,12395,369.493,17,0.852938596491228
2024-08-23,15904.291666666666,18778,12542,381.703,16,0.8469640891823765
2024-08-24,15650.416666666666,18700,12729,375.61,17,0.8369206773618538
2024-08-25,16660.166666666668,20699,12818,399.844,17,0.8048778523922251
2024-08-26,18707.666666666668,22466,13818,448.984,16,0.8327101694412298
2024-08-27,19413.833333333332,22750,14762,465.932,16,0.8533553113553113
2024-08-28,18139.625,20179,15032,435.351,12,0.8989357748154021
2024-08-29,16431.083333333332,18882,13774,394.346,17,0.8701982487730818
2024-08-30,17315.458333333332,21313,13120,415.571,16,0.8124364628786812
2024-08-31,16956.958333333332,19968,14097,406.967,16,0.8492066473023504
2024-09-01,15173.375,17171,12909,364.161,16,0.8836628618018753
2024-09-02,13551.875,16182,12020,325.245,18,0.837466011617847
2024-09-03,15066.833333333334,17842,12059,361.604,18,0.8444587677016777
2024-09-04,15723.458333333334,18815,12405,377.363,17,0.8356873948091063
2024-09-05,16326.208333333334,19900,12866,391.829,16,0.8204124790619766
2024-09-06,16185.166666666666,18005,13437,388.444,12,0.8989262241969823
2024-09-07,13975.625,15284,12455,335.415,19,0.9143957733577598
2024-09-08,13338.666666666666,15567,11502,320.128,18,0.8568553135907153
2024-09-09,14991.875,17200,11842,359.805,18,0.8716206395348837
2024-09-10,15172.791666666666,17734,12660,364.147,17,0.8555763881057102
2024-09-11,15610.958333333334,18522,12468,374.663,16,0.8428332973401
2024-09-12,16338.875,19583,12945,392.133,16,0.8343397334422713
2024-09-13,16660.208333333332,20056,13071,399.845,16,0.8306845000664804
2024-09-14,15873.5,19288,12964,380.964,16,0.8229728328494401
2024-09-15,16256.625,20388,12717,390.159,16,0.7973624190700412
2024-09-16,17461.291666666668,21546,13259,419.071,16,0.8104191806677188
2024-09-17,16971.833333333332,20361,13492,407.324,16,0.8335461585056398
2024-09-18,16678.5,20180,13053,400.284,16,0.8264866204162538
2024-09-19,16996.291666666668,20886,13228,407.911,16,0.8137648025790801
2024-09-20,16628.291666666668,19743,13218,399.079,16,0.8422373330631955
2024-09-21,15973.583333333334,18924,13222,383.366,16,0.8440912773902628
2024-09-22,15377.958333333334,18291,12509,369.071,16,0.8407390702166821
2024-09-23,16181.625,18073,13198,388.359,18,0.8953480329773695
2024-09-24,15725.958333333334,17622,12862,377.423,16,0.8924048537812583
2024-09-25,15815.375,18211,12606,379.569,16,0.8684517599253199
2024-09-26,15667.5,18374,12855,376.02,16,0.8526994666376402
2024-09-27,14891.083333333334,16926,12210,357.386,16,0.8797756902595613
2024-09-28,14414.166666666666,16487,12035,345.94,18,0.8742746810618467
2024-09-29,14764.458333333334,17674,11952,354.347,17,0.8353772962166648
2024-09-30,15551.958333333334,18532,12418,373.247,16,0.8391948161738255
2024-10-01,15813.083333333334,17998,12921,379.514,16,0.8786022521020854
2024-10-02,14847.625,16899,12438,356.343,18,0.8786096810462157
2024-10-03,14919.708333333334,17103,12422,358.073,18,0.8723445204545012
2024-10-04,14911.958333333334,16507,12563,357.887,16,0.9033718018618364
2024-10-05,13587.75,15519,12108,326.106,18,0.8755557703460275
2024-10-06,13825.375,16427,11685,331.809,17,0.8416250684848116
2024-10-07,14587.333333333334,16850,12069,350.096,18,0.8657171117705242
2024-10-08,14836.5,17083,12392,356.076,18,0.8684949950242932
2024-10-09,14791.791666666666,17041,12712,355.003,18,0.8680119515677874
2024-10-10,15028.0,17116,12840,360.672,18,0.8780088805795747
2024-10-11,14830.708333333334,16335,12737,355.937,18,0.9079099071523314
2024-10-12,13793.0,15530,12387,331.032,18,0.8881519639407598
2024-10-13,14022.875,15424,12167,336.549,10,0.90915942686722
2024-10-14,13911.25,15869,12086,333.87,18,0.8766305375259941
2024-10-15,15097.625,17147,12498,362.343,18,0.880482008514609
2024-10-16,15252.083333333334,17191,13041,366.05,18,0.8872132705097628
2024-10-17,15075.375,16931,13381,361.809,6,0.8904007441970351
2024-10-18,14803.75,16462,12997,355.29,18,0.8992680111772567
2024-10-19,13834.041666666666,15644,12340,332.017,17,0.8843033537884598
2024-10-20,13455.625,15564,12016,322.935,18,0.8645351452068877
2024-10-21,14843.333333333334,17199,12067,356.24,16,0.8630346725584821
2024-10-22,14920.75,17193,12410,358.098,16,0.8678386552666782
2024-10-23,14972.833333333334,16601,12262,359.348,16,0.9019235789008695
2024-10-24,15041.75,17095,12745,361.002,18,0.8798917812225797
2024-10-25,15364.083333333334,16898,13067,368.738,16,0.9092249575886693
2024-10-26,14295.5,16308,12765,343.092,18,0.8765943095413294
2024-10-27,14526.333333333334,16987,12847,348.632,17,0.855144129824768
2024-10-28,15429.708333333334,17670,12953,370.313,17,0.8732149594416149
2024-10-29,15690.583333333334,17456,13101,376.574,16,0.8988647647418271
2024-10-30,14859.916666666666,16772,12544,356.638,17,0.8859955083869941
2024-10-31,15047.083333333334,16991,12397,361.13,16,0.8855913915210013
2024-11-01,15075.0,16818,12409,361.8,17,0.8963610417409918
2024-11-02,14650.083333333334,16416,13158,351.602,17,0.8924271036387265
2024-11-03,14371.375,16933,12896,344.913,17,0.8487199551172268
2024-11-04,15579.625,17690,12650,373.911,17,0.8807023742227247
2024-11-05,14932.083333333334,17175,12501,358.37,17,0.8694080543425522
2024-11-06,15089.75,17253,12230,362.154,17,0.8746160088100621
2024-11-07,14890.583333333334,17232,12683,357.374,17,0.8641239167440421
2024-11-08,15018.166666666666,17289,12655,360.436,17,0.8686544430948386
2024-11-09,14548.25,16954,13072,349.158,17,0.8581013330187567
2024-11-10,14823.25,17144,12798,355.758,17,0.8646319412039197
2024-11-11,15420.916666666666,17719,12411,370.102,17,0.8703040051169177
2024-11-12,15778.375,18240,13302,378.681,17,0.8650424890350877
2024-11-13,15917.541666666666,18293,13974,382.021,17,0.8701438619508373
2024-11-14,16396.916666666668,18447,13719,393.526,17,0.8888663016569994
2024-11-15,16065.75,17972,13679,385.578,17,0.8939322279100823
2024-11-16,14995.583333333334,17224,13072,359.894,17,0.8706214197244155
2024-11-17,14959.833333333334,17492,13071,359.036,17,0.8552385852580228
2024-11-18,15531.541666666666,18186,12833,372.757,17,0.8540383628432127
2024-11-19,15822.333333333334,18382,13113,379.736,17,0.8607514597613608
2024-11-20,15852.125,17788,13080,380.451,17,0.8911696087249832
2024-11-21,16327.25,18626,13462,391.854,17,0.876583807580801
2024-11-22,16026.458333333334,17926,13463,384.635,17,0.8940342705195433
2024-11-23,15317.541666666666,17485,13458,367.621,17,0.8760389857973501
2024-11-24,15515.625,18181,13381,372.375,17,0.8533977779000055
2024-11-25,16682.833333333332,19260,13800,400.388,17,0.8661907234337141
2024-11-26,16288.958333333334,18481,13741,390.935,17,0.8813894450156017
2024-11-27,16492.375,19213,14011,395.817,17,0.8583966585124655
2024-11-28,16885.333333333332,19077,14146,405.248,17,0.8851147105589627
2024-11-29,16895.416666666668,19181,14429,405.49,17,0.8808412839094243
2024-11-30,16542.958333333332,18919,14367,397.031,17,0.8744097644343428
2024-12-01,16648.291666666668,19406,14324,399.559,17,0.8578940362087327
2024-12-02,17604.583333333332,20161,14735,422.51,17,0.873199907412
2024-12-03,17378.458333333332,20080,14742,417.083,17,0.865461072377158
2024-12-04,17822.875,20074,14693,427.749,17,0.8878586729102321
2024-12-05,17889.0,20239,15077,429.336,17,0.8838875438509808
2024-12-06,18352.625,20595,15650,440.463,17,0.8911204175770818
2024-12-07,17356.041666666668,19251,15402,416.545,17,0.9015657195297214
2024-12-08,16395.583333333332,19273,14127,393.494,17,0.850702191321192
2024-12-09,17867.083333333332,20604,14325,428.81,17,0.8671657606937164
2024-12-10,17378.0,19773,14695,417.072,17,0.8788752339048197
2024-12-11,17325.333333333332,19744,14309,415.808,17,0.8774986493787141
2024-12-12,18170.833333333332,20929,15054,436.1,17,0.8682131651456512
2024-12-13,18503.75,20881,16311,444.09,17,0.8861524831186246
2024-12-14,17476.708333333332,19577,15995,419.441,17,0.8927163678466227
2024-12-15,17266.875,19951,15151,414.405,17,0.8654641371359831
2024-12-16,17362.416666666668,19653,14682,416.698,17,0.8834486677182449
2024-12-17,17033.041666666668,19541,13838,408.793,17,0.8716566023574366
2024-12-18,17497.625,19768,14478,419.943,17,0.8851489781464994
2024-12-19,17920.25,20483,15023,430.086,17,0.8748840501879608
2024-12-20,18219.666666666668,20319,15407,437.272,17,0.8966812671227259
2024-12-21,18034.458333333332,20372,15666,432.827,17,0.8852571339747365
2024-12-22,18391.666666666668,20795,16707,441.4,17,0.8844273463172238
2024-12-23,18234.708333333332,20492,15811,437.633,17,0.8898452241525148
2024-12-24,16943.416666666668,18541,14941,406.642,10,0.9138351041835213
2024-12-25,16165.583333333334,17773,14378,387.974,16,0.9095585063485813
2024-12-26,16000.916666666666,17831,13979,384.022,17,0.8973650758043108
2024-12-27,16186.0,18340,13952,388.464,17,0.8825517993456925
2024-12-28,15572.458333333334,17102,13962,373.739,17,0.910563579308463
2024-12-29,15456.458333333334,17829,13394,370.955,17,0.8669279451081572
2024-12-30,15605.875,17891,13032,374.541,17,0.8722751662847241
2024-12-31,15539.541666666666,17648,13755,372.949,17,0.8805270663342399
2025-01-01,15330.791666666666,17519,13593,367.939,17,0.8750951348060201
2025-01-02,16812.875,19450,13903,403.509,17,0.8644151670951157
2025-01-03,17533.166666666668,19616,15284,420.796,17,0.893819671016857
2025-01-04,17514.041666666668,19983,15433,420.337,17,0.87644706333717
2025-01-05,17665.125,20626,15397,423.963,17,0.8564493842722777
2025-01-06,18825.25,21159,15875,451.806,17,0.8897041448083558
2025-01-07,18650.541666666668,21339,16060,447.613,17,0.8740119811924958
2025-01-08,19047.75,21534,16423,457.146,17,0.884543048202842
2025-01-09,18918.125,21232,16713,454.035,17,0.8910194517709118
2025-01-10,18856.083333333332,20755,16670,452.546,17,0.90850799004256
2025-01-11,17672.375,19380,16044,424.137,17,0.9118872549019608
2025-01-12,17100.625,19509,15223,410.415,17,0.8765505664052489
2025-01-13,18042.541666666668,20376,14929,433.021,17,0.8854800582384506
2025-01-14,18603.083333333332,20685,15695,446.474,17,0.8993513818386915
2025-01-15,18736.541666666668,20834,16081,449.677,17,0.8993252215929091
2025-01-16,18778.875,21037,15882,450.693,17,0.8926593620763417
2025-01-17,17806.083333333332,19632,15744,427.346,17,0.9069928348274925
2025-01-18,17144.916666666668,19341,14524,411.478,18,0.8864545094186789
2025-01-19,18024.75,20828,15803,432.594,17,0.86540954484348
2025-01-20,19369.083333333332,21701,16590,464.858,18,0.8925433543769103
2025-01-21,19595.25,21602,17399,470.286,17,0.907103508934358
2025-01-22,19914.958333333332,21940,17706,477.959,17,0.9077009267699787
2025-01-23,19419.791666666668,21064,17191,466.075,18,0.9219422553487784
2025-01-24,19188.375,21117,16782,460.521,17,0.9086695553345646
2025-01-25,17890.333333333332,19600,16251,429.368,17,0.9127721088435373
2025-01-26,16976.375,19837,15063,407.433,18,0.8557934667540454
2025-01-27,17806.791666666668,20384,15259,427.363,18,0.8735670951072737
2025-01-28,18549.25,20957,15831,445.182,17,0.8851099871164766
2025-01-29,18405.458333333332,20862,15577,441.731,18,0.8822480267152397
2025-01-30,18821.25,20333,16934,451.71,17,0.9256504204986967
2025-01-31,18142.541666666668,19617,15805,435.421,17,0.9248377257820598
2025-02-01,18119.291666666668,20377,16135,434.863,18,0.8892031048077081
2025-02-02,18299.958333333332,20650,16214,439.199,17,0.8861965294592412
2025-02-03,18624.291666666668,20176,16031,446.983,11,0.923091379196405
2025-02-04,18462.083333333332,20761,15709,443.09,18,0.8892675368880754
2025-02-05,18893.25,20829,16682,453.438,18,0.9070646694512459
2025-02-06,18950.541666666668,20664,16445,454.813,10,0.9170800264550265
2025-02-07,18353.875,20480,16042,440.493,18,0.896185302734375
2025-02-08,17844.125,19589,16034,428.259,18,0.9109257746694573
2025-02-09,17540.541666666668,19986,15606,420.973,18,0.8776414323359686
2025-02-10,18516.541666666668,20923,15875,444.397,18,0.8849850244547468
2025-02-11,18483.125,20513,16032,443.595,18,0.9010444596109785
2025-02-12,18917.958333333332,21036,16534,454.031,18,0.8993134784813336
2025-02-13,18647.541666666668,20207,16720,447.541,18,0.922825835931443
2025-02-14,18571.375,20394,16428,445.713,18,0.9106293517701285
2025-02-15,17929.291666666668,19835,16087,430.303,18,0.9039219393328293
2025-02-16,17766.208333333332,19701,15603,426.389,18,0.9017922102092956
2025-02-17,17671.041666666668,19971,15699,424.105,18,0.8848350942199523
2025-02-18,19045.166666666668,21272,16482,457.084,18,0.895316221637207
2025-02-19,19225.375,21302,17120,461.409,18,0.902515022063656
2025-02-20,18936.333333333332,20709,16881,454.472,19,0.914401146039564
2025-02-21,18609.333333333332,20348,16685,446.624,18,0.914553436865212
2025-02-22,17400.166666666668,19220,15798,417.604,18,0.9053156434269859
2025-02-23,17121.166666666668,19291,15381,410.908,18,0.8875209510479845
2025-02-24,16998.375,18840,14786,407.961,18,0.9022492038216561
2025-02-25,16947.291666666668,18937,14509,406.735,19,0.8949301191670628
2025-02-26,16912.125,18956,14853,405.891,18,0.8921779383836252
2025-02-27,17444.083333333332,19112,15037,418.658,17,0.9127293497976837
2025-02-28,17316.458333333332,19089,15246,415.595,18,0.9071432936944488
2025-03-01,17055.291666666668,19773,14718,409.327,18,0.8625545777912642
2025-03-02,17803.583333333332,20301,16306,427.286,18,0.876980608508612
2025-03-03,17686.208333333332,19665,15982,424.469,18,0.8993749470294092
2025-03-04,17448.166666666668,19596,15081,418.756,17,0.8903942981560863
2025-03-05,16677.416666666668,18238,14479,400.258,17,0.9144323207954089
2025-03-06,17231.625,19692,14232,413.559,18,0.8750571297989032
2025-03-07,16926.291666666668,18863,15355,406.231,18,0.897327660852816
2025-03-08,16141.625,18235,14981,387.399,18,0.8852001645187826
2025-03-09,15455.125,17161,14472,370.923,18,0.9005958277489656
2025-03-10,15710.416666666666,17677,13813,377.05,7,0.88874903358413
2025-03-11,15518.333333333334,18023,13673,372.44,19,0.8610294253638869
2025-03-12,16762.875,18597,14827,402.309,18,0.9013752218099693
2025-03-13,16290.875,18083,14948,390.981,7,0.900894486534314
2025-03-14,15457.708333333334,16823,13969,370.985,6,0.9188437456656562
2025-03-15,14702.041666666666,16097,13234,352.849,10,0.9133404775216913
2025-03-16,14596.916666666666,16649,12437,350.326,18,0.8767443490099505
2025-03-17,16141.375,18403,13617,387.393,19,0.8771056349508233
2025-03-18,15472.166666666666,17261,13706,371.332,6,0.8963656026108955
2025-03-19,14930.541666666666,16660,13098,358.333,19,0.8961909763905562
2025-03-20,15624.416666666666,17895,12623,374.986,18,0.8731163267206854
2025-03-21,15502.458333333334,17477,14244,372.059,6,0.8870205603555149
2025-03-22,15556.458333333334,17538,13303,373.355,19,0.8870143878055271
2025-03-23,15589.208333333334,17747,14412,374.141,18,0.8784137225070905
2025-03-24,16677.291666666668,18184,14278,400.255,19,0.9171409847484969
2025-03-25,16669.416666666668,18578,14268,400.066,18,0.8972664800660279
2025-03-26,16471.0,18517,14539,395.304,19,0.8895069395690447
2025-03-27,15884.125,17902,14590,381.219,6,0.8872821472461178
2025-03-28,16518.75,18022,14247,396.45,18,0.9165880590389524
2025-03-29,16193.625,17791,14099,388.647,18,0.9102144342645158
2025-03-30,15280.75,16521,13626,366.738,16,0.9249288783971914
2025-03-31,15558.583333333334,17511,12761,373.406,19,0.8885034168998535
2025-04-01,15656.708333333334,17846,14012,375.761,19,0.8773231162912324
2025-04-02,16920.708333333332,19492,14014,406.097,16,0.8680847698200971
2025-04-03,15444.541666666666,16951,14195,370.669,19,0.9111286453109944
2025-04-04,15011.25,16611,13626,360.27,19,0.9036933357413762
2025-04-05,15080.083333333334,16775,12739,361.922,10,0.8989617486338798
2025-04-06,14526.583333333334,16931,12881,348.638,19,0.8579873210875515
2025-04-07,15603.5,17634,13626,374.484,19,0.8848531246455711
2025-04-08,16408.125,18478,14095,393.795,19,0.8879816538586427
2025-04-09,16212.958333333334,17827,14843,389.111,6,0.909460836558778
2025-04-10,16425.25,18157,14221,394.206,19,0.9046235611609847
2025-04-11,16223.5,17622,14367,389.364,7,0.9206389740097606
2025-04-12,14850.125,16031,13698,356.403,8,0.9263380325619113
2025-04-13,14013.875,16034,13193,336.333,19,0.8740099164275914
2025-04-14,14794.958333333334,16376,12642,355.079,19,0.9034537331053575
2025-04-15,15260.208333333334,17432,12736,366.245,19,0.8754135115496405
2025-04-16,15903.625,17651,13810,381.687,19,0.9010041923970313
2025-04-17,15078.041666666666,17008,13661,361.873,6,0.8865264385387268
2025-04-18,13972.958333333334,15372,12579,335.351,11,0.908987661549137
2025-04-19,13720.083333333334,14845,11758,329.282,10,0.9242225216122152
2025-04-20,13269.291666666666,14842,12228,318.463,19,0.8940366302834298
2025-04-21,14784.916666666666,16250,12230,354.838,19,0.9098410256410256
2025-04-22,14631.333333333334,16409,12576,351.152,19,0.8916651431125195
2025-04-23,14574.958333333334,16385,12831,349.799,19,0.8895305665751195
2025-04-24,14744.416666666666,16312,12468,353.866,19,0.9038999918260585
2025-04-25,14579.208333333334,16237,12451,349.901,19,0.8979003715793148
2025-04-26,14099.333333333334,15742,12024,338.384,19,0.8956507008851057
2025-04-27,13372.458333333334,15295,12347,320.939,19,0.8743026043369293
2025-04-28,14286.75,15860,12540,342.882,19,0.9008039092055485
2025-04-29,14434.708333333334,16481,11772,346.433,16,0.8758393503630444
2025-04-30,14571.583333333334,16264,12550,349.718,19,0.8959409329398262
2025-05-01,14857.608695652174,16291,12249,341.725,15,0.9120133015562073
2025-05-02,14518.833333333334,15670,12522,348.452,20,0.9265369070410552
2025-05-03,13836.041666666666,15138,12156,332.065,19,0.913994032677148
2025-05-04,13347.458333333334,15502,11782,320.339,19,0.8610152453446868
2025-05-05,14501.0,16084,12003,348.024,19,0.9015792091519522
2025-05-06,14672.708333333334,16262,12402,352.145,19,0.9022696060345181
2025-05-07,14596.0,16311,12273,350.304,19,0.8948562319906811
2025-05-08,14565.291666666666,16107,12339,349.567,19,0.9042833343680801
2025-05-09,14418.125,15901,13041,346.035,19,0.9067432865857493
2025-05-10,13366.708333333334,14623,12366,320.801,20,0.9140879664455539
2025-05-11,13061.833333333334,15090,11699,313.484,20,0.8655953169869671
2025-05-12,14644.0,16866,12026,351.456,18,0.8682556622791414
2025-05-13,14836.708333333334,16839,12311,356.081,19,0.881092008630758
2025-05-14,15102.375,16902,12580,362.457,16,0.8935259140930067
2025-05-15,15478.166666666666,17674,12679,371.476,18,0.8757591188563237
2025-05-16,15779.333333333334,18153,12896,378.704,18,0.86924108044584
2025-05-17,14069.625,15272,12423,337.671,16,0.9212693163960188
2025-05-18,13391.666666666666,14717,11635,321.4,18,0.9099454145998958
2025-05-19,13171.916666666666,15267,11839,316.126,20,0.8627704635269972
2025-05-20,14161.75,15707,11900,339.882,20,0.9016202966830076
2025-05-21,14887.708333333334,16768,12062,357.305,19,0.8878642851463104
2025-05-22,15236.166666666666,16630,12682,365.668,19,0.9161856083383443
2025-05-23,14917.333333333334,16188,12849,358.016,19,0.9215056420393708
2025-05-24,13935.791666666666,14980,12593,334.459,18,0.9302931686693369
2025-05-25,13531.666666666666,15234,12131,324.76,20,0.8882543433547766
2025-05-26,14521.583333333334,16252,12368,348.518,19,0.8935259250143572
2025-05-27,14592.75,16398,12287,350.226,19,0.8899103549213319
2025-05-28,14707.666666666666,16660,12001,352.984,19,0.8828131252501
2025-05-29,14893.708333333334,16301,12647,357.449,19,0.9136683843526983
2025-05-30,14641.708333333334,16455,12134,351.401,16,0.8898029980755596
2025-05-31,13264.125,14462,11600,318.339,19,0.9171708615682478
2025-06-01,13094.916666666666,15134,11536,314.278,20,0.8652647460464297
2025-06-02,14210.75,16226,12029,341.058,18,0.875801183286084
2025-06-03,14773.041666666666,17267,11768,354.553,17,0.8555650470068145
2025-06-04,16381.666666666666,19910,12238,393.16,16,0.8227858697471957
2025-06-05,15841.25,17465,13334,380.19,17,0.9070283423990839
2025-06-06,15527.791666666666,17743,12466,372.667,16,0.8751502940126622
2025-06-07,14613.25,17240,12155,350.718,17,0.8476363109048723
2025-06-08,14002.708333333334,16628,11568,336.065,17,0.8421162096062866
2025-06-09,15433.625,17572,12285,370.407,17,0.8783078192579103
2025-06-10,15061.333333333334,16939,12635,361.472,18,0.8891512682763643
2025-06-11,15690.833333333334,18869,12300,376.58,18,0.8315667673609272
2025-06-12,15549.791666666666,17934,13060,373.195,17,0.8670565220623768
2025-06-13,14858.291666666666,16495,12652,356.599,16,0.9007754875214711
2025-06-14,14045.333333333334,16122,12226,337.088,18,0.8711905057271637
2025-06-15,14430.291666666666,17214,11939,346.327,18,0.8382881181983657
2025-06-16,16575.0,20065,12652,397.8,17,0.8260652878146025
2025-06-17,17433.625,20833,13466,418.407,17,0.8368273892382279
2025-06-18,18240.833333333332,20528,14432,437.78,12,0.888583073525591
2025-06-19,16674.625,18365,14072,400.191,12,0.9079567111353117
2025-06-20,16187.416666666666,18764,12859,388.498,17,0.8626847509415192
2025-06-21,16169.875,18777,12870,388.077,18,0.8611532726207595
2025-06-22,19292.708333333332,23045,14219,463.025,18,0.8371754538222318
2025-06-23,21623.375,24712,16544,518.961,18,0.8750151748138556
2025-06-24,21924.958333333332,24862,17391,526.199,18,0.8818662349502587
2025-06-25,20020.5,22693,16722,480.492,16,0.8822324064689552
2025-06-26,16754.541666666668,18060,14329,402.109,11,0.9277154854189739
2025-06-27,16949.416666666668,20251,13146,406.786,17,0.836966898753971
2025-06-28,16824.708333333332,18966,14253,403.793,17,0.8870984041618334
2025-06-29,16195.916666666666,20352,12582,388.702,18,0.7957899305555556
2025-06-30,17128.666666666668,19565,13264,411.088,12,0.8754749126842151
2025-07-01,17889.791666666668,21018,14156,429.355,17,0.8511652710375235
2025-07-02,18406.416666666668,21901,13770,441.754,16,0.8404372707486721
2025-07-03,17490.75,20291,14230,419.778,17,0.8619954659701345
2025-07-04,16763.916666666668,20495,13131,402.334,17,0.8179515328942019
2025-07-05,17984.708333333332,22019,13225,431.633,17,0.8167813403575699
2025-07-06,19425.333333333332,22740,14680,466.208,18,0.8542362943418352
2025-07-07,19605.208333333332,21832,16641,470.525,14,0.8980033131794307
2025-07-08,18145.041666666668,21263,14642,435.481,18,0.8533622568154384
2025-07-09,18195.333333333332,21727,14302,436.688,16,0.8374526319019345
2025-07-10,19043.291666666668,22884,14316,457.039,16,0.8321662151139079
2025-07-11,19432.833333333332,22481,14884,466.388,17,0.8644114289103391
2025-07-12,19643.958333333332,22837,15213,471.455,17,0.8601812117762111
2025-07-13,19490.333333333332,22918,15793,467.768,17,0.8504377927102422
2025-07-14,19510.625,22914,15149,468.255,16,0.851471807628524
2025-07-15,19872.25,23261,14941,476.934,16,0.8543162374790422
2025-07-16,20439.208333333332,23611,15292,490.541,14,0.8656646619513503
2025-07-17,18966.083333333332,21217,14829,455.186,13,0.8939097578985404
2025-07-18,16232.166666666666,19204,13137,389.572,18,0.8452492536277164
2025-07-19,16088.0,19450,12729,386.112,16,0.827146529562982
2025-07-20,16946.208333333332,20177,13764,406.709,17,0.8398775007847218
2025-07-21,16404.208333333332,19582,13253,393.701,17,0.8377187382970754
2025-07-22,16571.416666666668,19907,12905,397.714,17,0.8324416871787144
2025-07-23,17731.291666666668,22095,13338,425.551,17,0.8025024515350382
2025-07-24,19939.75,24528,14005,478.554,18,0.8129382746249184
2025-07-25,20082.583333333332,23055,16410,481.982,16,0.8710727969348658
2025-07-26,18632.541666666668,21911,14548,447.181,14,0.8503738609222157
2025-07-27,19553.75,23347,15323,469.29,17,0.8375273054353879
2025-07-28,20808.541666666668,24211,15706,499.405,15,0.8594664271061364
2025-07-29,20724.291666666668,23607,16639,497.383,17,0.8778875615989609
2025-07-30,19739.333333333332,23048,15913,473.744,14,0.8564445215781556
2025-07-31,16829.25,19080,14278,403.902,16,0.8820361635220125
2025-08-01,16165.083333333334,18689,13216,387.962,18,0.8649517541512833
2025-08-02,15549.625,18854,12660,373.191,17,0.8247387822212793
2025-08-03,16140.25,19854,12602,387.366,17,0.8129470131963332
2025-08-04,16905.083333333332,20900,13121,405.722,16,0.8088556618819777
2025-08-05,18426.708333333332,22514,13812,442.241,17,0.8184555535814751
2025-08-06,18719.875,22638,14453,449.277,16,0.8269226521777542
2025-08-07,19038.041666666668,22703,14771,456.913,16,0.8385694254797458
2025-08-08,19273.708333333332,22643,14756,462.569,15,0.8511994140941277
2025-08-09,19473.708333333332,23248,14810,467.369,17,0.8376509090387703
2025-08-10,20027.583333333332,24063,15092,480.662,17,0.8322978570142265
2025-08-11,21275.125,24789,16089,510.603,17,0.8582486183387793
2025-08-12,21274.75,24006,17087,510.594,12,0.8862263600766475
2025-08-13,20333.291666666668,23843,16681,487.999,16,0.8527992143046876
2025-08-14,19179.625,22949,14950,460.311,17,0.835749923743954
2025-08-15,19167.583333333332,23257,14654,460.022,16,0.824164050966734
2025-08-16,18977.958333333332,23079,14550,455.471,17,0.8223041870676083
2025-08-17,17224.083333333332,19103,14430,413.378,17,0.901642848418224
2025-08-18,16009.875,18932,12834,384.237,16,0.8456515423621381
2025-08-19,16349.416666666666,18418,13283,392.386,16,0.8876868642994172
2025-08-20,16477.375,18222,13876,395.457,19,0.9042572165514213
2025-08-21,16620.208333333332,19597,13371,398.885,17,0.8480996240921229
2025-08-22,17388.333333333332,20922,13681,417.32,16,0.8311028263709651
2025-08-23,16345.125,18466,13382,392.283,16,0.8851470269684826
2025-08-24,15735.083333333334,18610,12931,377.642,17,0.8455176428443489
2025-08-25,15607.125,17804,12929,374.571,17,0.876607784767468
2025-08-26,15129.208333333334,17083,12717,363.101,19,0.8856294756970868
2025-08-27,15105.166666666666,17396,12512,362.524,17,0.8683126389208247
2025-08-28,15384.916666666666,17028,12601,369.238,19,0.9035069689139457
2025-08-29,14757.083333333334,16330,12751,354.17,19,0.9036793223106757
2025-08-30,13927.916666666666,15809,12170,334.27,17,0.8810118708752398
2025-08-31,14020.875,16710,12133,336.501,17,0.8390709156193896
2025-09-01,14674.041666666666,17923,12202,352.177,17,0.8187268686417825
2025-09-02,16327.708333333334,19302,12627,391.865,16,0.8459075916139951
2025-09-03,16513.625,19695,13188,396.327,17,0.8384678852500634
2025-09-04,15796.458333333334,17509,13533,379.115,16,0.9021907780760371
2025-09-05,15089.458333333334,17010,12661,362.147,19,0.8870933764452283
2025-09-06,14197.625,15799,12477,340.743,19,0.8986407367554908
2025-09-07,13949.916666666666,16281,12227,334.798,19,0.856821857789243
2025-09-08,14919.916666666666,17145,12254,358.078,19,0.8702196947603772
2025-09-09,15005.208333333334,17281,12548,360.125,17,0.8683067145034046
2025-09-10,15614.875,18051,12662,374.757,17,0.8650421029305856
2025-09-11,15858.375,18484,12895,380.601,17,0.857951471542956
2025-09-12,15736.958333333334,17999,13195,377.687,16,0.8743240365205475
2025-09-13,15090.75,17185,12827,362.178,17,0.8781350014547571
2025-09-14,15268.541666666666,18520,12480,366.445,17,0.8244352951763858
2025-09-15,16128.208333333334,19467,12865,387.077,17,0.8284896662728378
2025-09-16,16145.166666666666,19530,12943,387.484,16,0.8266854412015702
2025-09-17,16316.875,19544,13031,391.605,17,0.8348789909946787
2025-09-18,16660.666666666668,19931,13241,399.856,16,0.8359172478383758
2025-09-19,15658.833333333334,17872,13280,375.812,16,0.8761656968069234
2025-09-20,14065.416666666666,16056,12455,337.57,17,0.8760224630460056
2025-09-21,14773.791666666666,17860,12020,354.571,16,0.8271999813363194
2025-09-22,16702.875,19464,13044,400.869,16,0.858141954377312
2025-09-23,16890.375,19379,13548,405.369,16,0.8715813509469013
2025-09-24,16464.041666666668,18417,13511,395.137,18,0.8939589328699934
2025-09-25,16305.375,18181,13419,391.329,18,0.8968359826192178
2025-09-26,16024.375,18302,13185,384.585,16,0.8755532182275161
2025-09-27,15288.291666666666,17844,12844,366.919,17,0.8567749196742135
2025-09-28,14842.541666666666,17861,12469,356.221,17,0.8310028367206016
2025-09-29,15700.75,18999,12504,376.818,16,0.8263987578293595
2025-09-30,15377.041666666666,18155,12723,369.049,16,0.8469865968970899
2025-10-01,14667.458333333334,16697,12412,352.019,18,0.8784487233235512
2025-10-02,14818.333333333334,16997,12406,355.64,17,0.8718205173461984
2025-10-03,15239.208333333334,17882,12638,365.741,17,0.8522093911941245
2025-10-04,15212.791666666666,18555,12599,365.107,16,0.8198755950776969
2025-10-05,15581.375,19380,12472,373.953,16,0.8039925180598555
2025-10-06,16739.833333333332,20335,13113,401.756,16,0.8232030161462175
2025-10-07,16372.041666666666,18041,13687,392.929,12,0.9074908079744286
2025-10-08,14708.125,16633,12761,352.995,18,0.8842737329405399
2025-10-09,14834.083333333334,16906,12658,356.018,18,0.8774448913600694
2025-10-10,14829.833333333334,16696,13141,355.916,18,0.8882267209710909
2025-10-11,14262.958333333334,15623,12496,342.311,17,0.9129461904457105
2025-10-12,13652.458333333334,15047,12219,327.659,18,0.9073209499124965
2025-10-13,13709.666666666666,15734,11809,329.032,18,0.8713401974492606
2025-10-14,14893.333333333334,17024,12535,357.44,18,0.87484335839599
2025-10-15,14881.791666666666,16660,12807,357.163,18,0.8932648059223689
2025-10-16,14849.291666666666,16981,13035,356.383,18,0.8744650884321693
2025-10-17,15466.041666666666,16890,13408,371.185,16,0.9156922241957766
2025-10-18,14261.791666666666,15793,12737,342.283,16,0.9030451254775322
2025-10-19,14190.708333333334,16354,12088,340.577,15,0.8677209449268273
2025-10-20,14977.416666666666,17007,12302,359.458,18,0.8806618843221419
2025-10-21,15190.166666666666,16889,12843,364.564,18,0.8994118459746975
2025-10-22,15353.666666666666,17057,12901,368.488,18,0.90013875046413
2025-10-23,15512.041666666666,17191,13108,372.289,18,0.9023350396525314
2025-10-24,15592.916666666666,17058,13528,374.23,17,0.9141116582639621
2025-10-25,14844.125,16441,13383,356.259,17,0.9028723921902561
2025-10-26,14561.291666666666,16710,13166,349.471,18,0.8714118292439657
2025-10-27,15498.541666666666,17510,13522,371.965,18,0.8851251665714829
2025-10-28,15447.833333333334,17430,13621,370.748,18,0.8862784471218207
2025-10-29,15567.541666666666,17264,13814,373.621,18,0.9017343412109978
2025-10-30,16238.875,17854,13742,389.733,16,0.9095370785258206
2025-10-31,15866.75,17455,13739,380.802,16,0.9090088799770839
2025-11-01,15406.25,16892,13693,369.75,18,0.9120441629173573
2025-11-02,14887.541666666666,17169,13606,357.301,17,0.8671175762517715
2025-11-03,15881.875,17853,13202,381.165,17,0.8895913852013667
2025-11-04,15529.25,17755,13764,372.702,17,0.8746409462123346
2025-11-05,16209.75,17848,13628,389.034,17,0.9082110040340654
2025-11-06,16312.916666666666,18256,14154,391.51,18,0.893564672801636
2025-11-07,16570.208333333332,18464,14249,397.685,16,0.8974332936164067
2025-11-08,15639.541666666666,17722,13627,375.349,17,0.8824930406650867
2025-11-09,16653.791666666668,19056,14091,399.691,17,0.8739395291071929
2025-11-10,17671.791666666668,19731,15033,424.123,17,0.8956358860000339
2025-11-11,17460.75,19581,15230,419.058,17,0.8917190133292477
2025-11-12,17040.666666666668,18833,14939,408.976,17,0.9048301739853803
2025-11-13,16684.0,18969,14445,400.416,17,0.8795403025989773
2025-11-14,16719.708333333332,18429,14707,401.273,17,0.9072498959972507
2025-11-15,16029.041666666666,17978,13999,384.697,17,0.8915920384173248
2025-11-16,15934.625,18511,13643,382.431,17,0.8608192426125006
2025-11-17,17179.041666666668,19530,14571,412.297,17,0.8796232292200035
2025-11-18,17312.416666666668,19192,15096,415.498,17,0.9020642281506184
2025-11-19,17125.75,19199,15221,411.018,17,0.8920126048231679
2025-11-20,17201.208333333332,19150,15201,412.829,17,0.8982354221061792
2025-11-21,16789.125,18466,14660,402.939,17,0.9091912162893967
2025-11-22,16037.041666666666,18278,14367,384.889,17,0.8773958675274465
2025-11-23,15852.625,18430,13764,380.463,17,0.8601532826912642
2025-11-24,16660.083333333332,19053,14277,399.842,17,0.8744073549222344
2025-11-25,16931.833333333332,18879,14414,406.364,17,0.8968607094302311
2025-11-26,16790.666666666668,18870,14183,402.976,17,0.889807454513337
2025-11-27,17453.75,19641,14843,418.89,17,0.8886385621913344
2025-11-28,17505.25,19474,15010,420.126,17,0.8989036664270309
2025-11-29,17109.875,19077,15477,410.637,17,0.8968849923992241
2025-11-30,17128.375,19277,14905,411.081,17,0.8885394511594128
2025-12-01,18266.791666666668,20802,15348,438.403,17,0.8781267025606513
2025-12-02,18340.833333333332,20003,16239,440.18,17,0.9169041310470095
2025-12-03,18354.791666666668,20415,15732,440.515,17,0.8990835986611152
2025-12-04,18925.75,21406,16115,454.218,17,0.8841329533775577
2025-12-05,18813.583333333332,20729,17071,451.526,17,0.9075972470130412
2025-12-06,17643.083333333332,19481,15643,423.434,17,0.9056559382646339
2025-12-07,17750.75,20147,15335,426.018,17,0.8810616965305008
2025-12-08,19087.208333333332,21364,16401,458.093,17,0.8934285870311427
2025-12-09,19283.291666666668,21394,16914,462.799,17,0.9013411080988439
2025-12-10,18740.583333333332,20526,16247,449.774,17,0.9130168241904576
2025-12-11,19087.166666666668,21115,16523,458.092,17,0.9039624279737943
2025-12-12,18854.0,20559,16954,452.496,17,0.9170679507758159
2025-12-13,18194.875,20329,16068,436.677,17,0.8950206601406857
2025-12-14,18639.0,21148,16499,447.336,17,0.881359939474182
2025-12-15,19582.166666666668,21130,17144,469.972,17,0.9267471209970027
2025-12-16,18943.0,20473,16741,454.632,17,0.9252674253895374
2025-12-17,18305.875,20112,15801,439.341,17,0.9101966487669053
2025-12-18,17704.666666666668,19208,15621,424.912,16,0.9217339997223379
2025-12-19,18175.291666666668,20170,15181,436.207,17,0.9011051892249216
2025-12-20,17873.875,19362,15991,428.973,12,0.9231419791343869
2025-12-21,17622.5,20108,15183,422.94,17,0.8763924806047344
2025-12-22,18295.5,19992,16268,439.092,17,0.915141056422569
2025-12-23,17802.791666666668,19312,15728,427.267,17,0.9218512669152169
2025-12-24,16710.958333333332,18576,14840,401.063,17,0.8995993934826298
2025-12-25,16043.916666666666,18020,14264,385.054,17,0.8903394376618572
2025-12-26,17656.25,19569,15235,423.75,17,0.9022561193724769
2025-12-27,17885.75,19865,15966,429.258,17,0.9003649635036496
2025-12-28,17690.25,19624,15767,424.566,17,0.9014599470036689
2025-12-29,17428.583333333332,19716,14703,418.286,17,0.8839817069047136
2025-12-30,18018.916666666668,20155,15838,432.454,17,0.894017200033077
2025-12-31,17826.375,19558,15807,427.833,17,0.9114620615604867
2026-01-01,17684.291666666668,19910,16155,424.423,17,0.8882115352419221
2026-01-02,18236.666666666668,20268,16133,437.68,17,0.8997763305045722
2026-01-03,18308.083333333332,20512,16395,439.394,17,0.8925547646905876
2026-01-04,18312.541666666668,20708,16452,439.501,17,0.8843220816431654
2026-01-05,18846.75,20931,16175,452.322,17,0.9004228178300129
2026-01-06,18788.0,20894,16225,450.912,17,0.8992055135445582
2026-01-07,18295.0,19978,16041,439.08,17,0.915757333066373
2026-01-08,17324.25,18853,15301,415.782,17,0.9189121094785976
2026-01-09,16877.166666666668,18521,14674,405.052,17,0.9112448931843133
2026-01-10,16910.791666666668,19238,14734,405.859,17,0.8790306511418374
2026-01-11,17051.666666666668,19766,14679,409.24,17,0.8626766501399711
2026-01-12,18162.375,20127,15334,435.897,17,0.9023885825011179
2026-01-13,17735.958333333332,19575,15550,425.663,17,0.9060515112813963
2026-01-14,17884.375,20124,14815,429.225,17,0.8887087557145696
2026-01-15,19561.166666666668,21616,16695,469.468,17,0.9049392425363928
2026-01-16,19412.208333333332,20958,17267,465.893,17,0.9262433597353437
2026-01-17,17735.333333333332,19428,16016,425.648,17,0.912874888477112
2026-01-18,18048.041666666668,20519,15842,433.153,17,0.8795770586610784
2026-01-19,19164.416666666668,21400,16583,459.946,17,0.8955334890965733
2026-01-20,19572.708333333332,21517,17384,469.745,18,0.9096392774705271
2026-01-21,19413.125,21128,17248,465.915,17,0.9188340117379781
2026-01-22,18722.125,20869,16222,449.331,18,0.8971261200824189
2026-01-23,19720.583333333332,22042,17098,473.294,18,0.8946821220094969
2026-01-24,19637.875,21477,18147,471.309,17,0.9143676956744424
2026-01-25,19525.708333333332,21751,17411,468.617,18,0.8976924432593137
2026-01-26,19662.166666666668,21607,17349,471.892,18,0.9099905894694621
2026-01-27,19596.791666666668,21456,17035,470.323,18,0.9133478591846881
2026-01-28,19536.083333333332,21391,17270,468.866,18,0.9132851822417527
2026-01-29,19700.166666666668,21876,17138,472.804,18,0.9005378801730969
2026-01-30,19942.583333333332,21737,17725,478.622,18,0.9174487433101777
2026-01-31,18902.5,20609,17386,453.66,18,0.917196370517735
2026-02-01,18449.916666666668,20552,17111,442.798,18,0.8977187946023096
2026-02-02,19178.666666666668,21220,17008,460.288,18,0.9038014451775056
2026-02-03,19323.916666666668,21158,17008,463.774,18,0.9133149005892177
2026-02-04,19077.625,20659,17319,457.863,18,0.9234534585410716
2026-02-05,19108.208333333332,20702,16997,458.597,18,0.9230126718835538
2026-02-06,19137.708333333332,20290,17148,459.305,9,0.9432088877936585
2026-02-07,19169.208333333332,21353,17343,460.061,18,0.8977290466601101
2026-02-08,19231.791666666668,21522,17739,461.563,18,0.8935875693089242
2026-02-09,19814.083333333332,21601,17742,475.538,18,0.9172762063484715
2026-02-10,18933.708333333332,20549,16994,454.409,18,0.9213931740392881
2026-02-11,18597.541666666668,20355,15921,446.341,18,0.913659624989765
2026-02-12,18573.458333333332,20485,16483,445.763,18,0.906685786347734
2026-02-13,18269.333333333332,19792,16985,438.464,7,0.9230665588790083
2026-02-14,17112.458333333332,18898,15654,410.699,18,0.9055168977316823
2026-02-15,16522.666666666668,18735,15105,396.544,18,0.8819144204252292
2026-02-16,16741.708333333332,18668,15246,401.801,18,0.8968131740589957
2026-02-17,17026.208333333332,18789,14929,408.629,19,0.906179590895382
2026-02-18,18261.166666666668,20223,15118,438.268,17,0.9029899948903065
2026-02-19,17885.666666666668,19577,15944,429.256,18,0.9136061023990738
2026-02-20,17914.416666666668,19581,15562,429.946,17,0.9148877313041555
2026-02-21,17213.625,18987,15302,413.127,17,0.9066005688102385
2026-02-22,17262.666666666668,19202,15521,414.304,18,0.8990035760163873
2026-02-23,18098.791666666668,20421,15608,434.371,19,0.8862833194587272
2026-02-24,18802.041666666668,20825,17018,451.249,18,0.902859143657463
2026-02-25,18493.708333333332,20183,16646,443.849,18,0.9163012601364183
2026-02-26,18361.583333333332,20145,16450,440.678,19,0.9114710019028708
2026-02-27,17501.041666666668,19143,16037,420.025,8,0.9142266973132042
2026-02-28,16296.083333333334,18814,14525,391.106,18,0.8661679245951597
2026-03-01,17428.625,20237,15651,418.287,19,0.8612257251568909
2026-03-02,18431.666666666668,20397,17087,442.36,18,0.9036459610073377
2026-03-03,18284.166666666668,19937,16601,438.82,18,0.917097189480196
2026-03-04,17305.541666666668,18821,15834,415.333,18,0.9194804562279724
2026-03-05,17376.416666666668,19563,15178,417.034,18,0.8882286288742355
2026-03-06,17670.083333333332,19177,15843,424.082,17,0.9214206254019571
2026-03-07,15753.416666666666,16964,14408,378.082,17,0.9286380963609211
2026-03-08,14908.833333333334,16817,13680,357.812,19,0.8865334681175795
2026-03-09,15418.833333333334,17291,13478,370.052,7,0.8917259460605711
2026-03-10,15800.208333333334,17539,13458,379.205,18,0.9008614136115705
2026-03-11,17150.666666666668,18790,13893,411.616,10,0.9127550115309563
2026-03-12,17370.416666666668,19370,14988,416.89,18,0.8967690586818104
2026-03-13,17788.875,19268,15551,426.933,16,0.9232341187461075
2026-03-14,16554.125,17994,15058,397.299,19,0.9199802712015116
2026-03-15,16451.666666666668,17909,14763,394.84,16,0.9186256444618163
2026-03-16,16790.833333333332,18713,13929,402.98,16,0.8972817470920393
2026-03-17,18087.5,20193,15693,434.1,18,0.8957311939781112
2026-03-18,18287.083333333332,19752,16600,438.89,18,0.9258345146483056
2026-03-19,17385.125,18949,15715,417.243,7,0.9174692595915351
2026-03-20,17424.833333333332,19747,14845,418.196,9,0.8824040782566127
2026-03-21,16167.916666666666,17442,14758,388.03,16,0.926953139930436
2026-03-22,16108.875,17610,14164,386.613,16,0.9147572402044293
2026-03-23,17207.375,19094,14477,412.977,19,0.9011927830732167
2026-03-24,17121.583333333332,18799,15674,410.918,6,0.9107709629944855
2026-03-25,16719.791666666668,18600,14970,401.275,16,0.8989135304659499
2026-03-26,16786.458333333332,18000,14268,402.875,19,0.9325810185185185
2026-03-27,16666.333333333332,18831,14869,399.992,6,0.8850477050254013
2026-03-28,16248.291666666666,17598,14989,389.959,19,0.9233033109823086
2026-03-29,15308.583333333334,16802,14052,367.406,19,0.9111167321350633
2026-03-30,15437.041666666666,16853,13502,370.489,7,0.9159818232164402
2026-03-31,16058.916666666666,17934,12868,385.414,16,0.8954453366045871
2026-04-01,16586.041666666668,17888,14058,398.065,19,0.9272161039057842
2026-04-02,16719.875,17978,14571,401.277,16,0.9300186338858605
2026-04-03,14154.333333333334,15145,13397,339.704,19,0.9345878727852978
2026-04-04,14996.0,16417,12910,359.904,16,0.9134433818602667
2026-04-05,15062.833333333334,16555,12955,361.508,19,0.9098661028893588
2026-04-06,16245.5,17858,14095,389.892,19,0.9097043341919588
2026-04-07,16790.416666666668,18461,14675,402.97,19,0.9095074300778218
2026-04-08,16009.083333333334,17853,14643,384.218,6,0.8967167049422133
2026-04-09,15407.541666666666,16948,13697,369.781,19,0.9091067775942097
2026-04-10,16293.541666666666,18011,13565,391.045,10,0.9046439213073492
2026-04-11,14671.25,16148,13832,352.11,19,0.9085490463215259
2026-04-12,15300.708333333334,16766,13156,367.217,19,0.9126033838323592
2026-04-13,15439.0,16916,13363,370.536,19,0.9126862142350437
2026-04-14,15340.708333333334,16759,13053,368.177,19,0.9153713427611035
2026-04-15,15635.75,17278,13220,375.258,16,0.9049513832619516
2026-04-16,15619.875,17016,13407,374.877,9,0.917952221438646
2026-04-17,14677.875,16247,13057,352.269,7,0.9034206315012002
2026-04-18,14376.791666666666,15983,12415,345.043,16,0.8995052034453273
2026-04-19,14638.916666666666,16650,12884,351.334,19,0.8792142142142142
2026-04-20,15817.041666666666,17593,14199,379.609,19,0.8990531271907387
2026-04-21,15532.458333333334,17073,13956,372.779,19,0.9097673714832387
2026-04-22,14901.208333333334,16537,13332,357.629,6,0.9010829251577271
2026-04-23,14922.458333333334,16609,13154,358.139,19,0.8984561583077448
2026-04-24,14790.5,16354,12963,354.972,19,0.9043964779258897
2026-04-25,14792.875,16008,13054,355.029,10,0.9240926411794103
2026-04-26,13826.5,15517,12950,331.836,19,0.8910549719662306
2026-04-27,14435.458333333334,16003,12689,346.451,19,0.9020470120185798
2026-04-28,15101.708333333334,16775,12325,362.441,19,0.90025086934923
2026-04-29,15605.833333333334,16963,13107,374.54,16,0.9199925327673958
2026-04-30,15471.25,16885,13594,371.31,19,0.9162718389102754
2026-05-01,15427.208333333334,16507,13825,370.253,19,0.934585832273177
2026-05-02,14944.75,15970,13594,358.674,16,0.9358015028177833
2026-05-03,14013.291666666666,15800,13060,336.319,19,0.886917194092827
2026-05-04,14448.333333333334,16280,12576,346.76,19,0.8874897624897625
2026-05-05,15167.125,17033,12848,364.011,16,0.8904552926671755
2026-05-06,15265.958333333334,16648,13216,366.383,19,0.9169845226653852
2026-05-07,15252.125,16750,13554,366.051,19,0.9105746268656716
2026-05-08,14871.708333333334,16295,13549,356.921,7,0.9126546998056664
2026-05-09,13971.125,15302,12764,335.307,16,0.9130260750228728
2026-05-10,13574.333333333334,15469,12417,325.784,20,0.8775184778158468
2026-05-11,14815.625,16326,12791,355.575,19,0.9074865245620483
2026-05-12,14814.5,16351,13420,355.548,19,0.9060302122194361
2026-05-13,15287.208333333334,16851,12938,366.893,19,0.9071988803829645
2026-05-14,15450.916666666666,16889,13405,370.822,19,0.9148508891388872
2026-05-15,14808.083333333334,15855,13213,355.394,7,0.9339693051613582
2026-05-16,13851.625,14973,12558,332.439,19,0.9251068590128899
2026-05-17,13899.166666666666,16211,12050,333.58,18,0.8573910719059075
2026-05-18,15339.5,18889,12304,368.148,17,0.8120863994917676
2026-05-19,17515.75,20820,14009,420.378,16,0.8412944284341979
2026-05-20,15228.666666666666,16375,13705,365.488,17,0.9299949109414758
2026-05-21,14584.416666666666,16170,13184,350.026,20,0.9019428983714698
2026-05-22,14184.458333333334,15728,12623,340.427,19,0.9018602704306545
2026-05-23,14308.875,16087,12168,343.413,16,0.8894682041399888
2026-05-24,14423.5,16203,12288,346.164,16,0.8901746590137629
2026-05-25,15256.583333333334,17561,12730,366.158,18,0.8687764554030712
2026-05-26,16107.625,19109,12750,386.583,18,0.8429339578209221
2026-05-27,16022.5,18153,13350,384.54,16,0.882636478818928
2026-05-28,15109.791666666666,17255,13158,362.635,18,0.8756761325219743
2026-05-29,15034.916666666666,17092,12977,360.838,18,0.8796464232779467
2026-05-30,13697.291666666666,15808,12326,328.735,18,0.8664784708164642
2026-05-31,13948.25,16721,11884,334.758,18,0.8341755875844746
2026-06-01,14953.833333333334,17182,12510,358.892,19,0.8703197144298297
2026-06-02,15419.291666666666,18129,12504,370.063,18,0.850531836652141
2026-06-03,16171.875,19800,12470,388.125,18,0.8167613636363636
2026-06-04,16800.375,20289,13340,403.209,17,0.8280533786781015
2026-06-05,17416.333333333332,20594,13935,417.992,16,0.8456993946456897
2026-06-06,16271.416666666666,18846,13770,390.514,17,0.8633883405850932
2026-06-07,15526.125,18825,12831,372.627,18,0.8247609561752988
2026-06-08,16716.791666666668,20320,12794,401.203,17,0.8226767552493439
2026-06-09,17692.041666666668,21218,13840,424.609,16,0.8338223049611966
2026-06-10,18812.875,21755,15080,451.509,16,0.8647609744886233
2026-06-11,19366.291666666668,22044,15453,464.791,18,0.8785289269944959
2026-06-12,18388.666666666668,20754,15216,441.328,17,0.8860300022485625
2026-06-13,16901.375,20121,13615,405.633,17,0.8399868296804334
2026-06-14,15234.583333333334,16899,13236,365.63,16,0.9015079787758645
2026-06-15,14985.875,17075,12544,359.661,18,0.8776500732064422
2026-06-16,15359.666666666666,17554,12650,368.632,17,0.874995252743914
2026-06-17,15603.25,17731,12928,374.478,16,0.8799983080480515
2026-06-18,15632.375,17317,13356,375.177,16,0.902718426979269
2026-06-19,15383.291666666666,17205,12989,369.199,17,0.8941175046013755
2026-06-20,14678.375,16740,12814,352.281,17,0.876844384707288
2026-06-21,14883.625,17464,12373,357.207,17,0.8522460490151168
2026-06-22,15913.083333333334,17968,12899,381.914,18,0.8856346467794598
2026-06-23,16066.833333333334,18675,13332,385.604,18,0.860339134315038
2026-06-24,16261.541666666666,18791,13209,390.277,16,0.8653899029677328
2026-06-25,16236.666666666666,18104,13691,389.68,16,0.896855206952423
2026-06-26,16209.375,18424,13605,389.025,16,0.8797967325227963
2026-06-27,16158.916666666666,19398,13309,387.814,17,0.8330197271196343
2026-06-28,16703.458333333332,20657,12733,400.883,17,0.8086100756805602
2026-06-29,18539.208333333332,22234,13977,444.941,17,0.8338224491019759
2026-06-30,20095.416666666668,23526,15071,482.29,18,0.8541790642976566
2026-07-01,20683.708333333332,23833,17039,496.409,13,0.8678600400005594
2026-07-02,21409.291666666668,24734,16450,513.823,17,0.865581453330099
2026-07-03,20882.916666666668,23857,17293,501.19,16,0.8753370778667338
2026-07-04,18731.791666666668,21416,16464,449.563,17,0.8746634136471175
2026-07-05,17421.916666666668,20247,14598,418.126,16,0.860469040680924
2026-07-06,18328.75,22353,13719,439.89,17,0.8199682369256923
2026-07-07,19258.541666666668,22870,15270,462.205,16,0.8420875236845942
2026-07-08,19975.75,23255,15420,479.418,18,0.8589873145560094
2026-07-09,19576.625,22248,16381,469.839,12,0.8799274092053219
2026-07-10,19015.958333333332,22544,15248,456.383,16,0.8435041844097468
2026-07-11,17997.041666666668,21180,14773,431.929,17,0.849718681145735
2026-07-12,17634.0,21445,14007,423.216,16,0.8222895779902075
2026-07-13,19681.208333333332,23982,14599,472.349,17,0.8206658466071776
2026-07-14,21883.416666666668,25646,16416,525.202,16,0.8532877121838364
2026-07-15,20275.083333333332,21748,17127,486.602,12,0.9322734657593035
2026-07-16,19103.625,22709,15140,458.487,16,0.8412358536263156
2026-07-17,18583.583333333332,22134,15071,446.006,16,0.8395944399265082
2026-07-18,17633.958333333332,20282,15122,423.215,16,0.8694388291752949
2026-07-19,15824.458333333334,19079,12851,379.787,18,0.8294175970089278
2026-07-20,17280.0,20738,14048,414.72,16,0.8332529655704504
2026-07-21,17802.833333333332,20088,14838,427.268,16,0.8862422009823443
2026-07-22,15933.083333333334,17941,13898,382.394,17,0.8880822325028334
2026-07-23,16230.125,19501,13432,389.523,18,0.8322714219783601
2026-07-24,16916.25,20383,13540,405.99,17,0.8299195407937987
2026-07-25,16824.125,19892,13661,403.779,16,0.8457734265031168
2026-07-26,17449.75,21261,14071,418.794,17,0.8207398523117445
2026-07-27,19245.583333333332,22461,15319,461.894,16,0.8568444563168751
2026-07-28,17100.0,17100,17100,17.1,0,1.0
